ID_Invoice;ID_Produk;ID_Cabang;ID_Pelanggan;Total;Tanggal;Waktu;Pembayaran;Penilaian
750-67-8428;330001;A0001;MSIL0001;5.489.715;01/05/2019;13:08:00;Ewallet;9.1
226-31-3081;660001;C0001;N0001;80.22;03/08/2019;10:29:00;Cash;9.6
631-41-3108;220001;A0002;N0002;3.405.255;03/03/2019;13:23:00;Credit card;7.4
123-19-1176;330002;A0003;MSIL0002;489.048;1/27/2019;20:33:00;Ewallet;8.4
373-73-7910;110001;A0004;N0003;6.343.785;02/08/2019;10:37:00;Ewallet;5.3
699-14-3026;660002;C0002;N0004;6.276.165;3/25/2019;18:30:00;Ewallet;4.1
355-53-5943;660003;A0005;MSIL0003;433.692;2/25/2019;14:36:00;Ewallet;5.8
315-22-5665;220002;C0003;N0005;772.38;2/24/2019;11:38:00;Ewallet;8
665-32-9167;330003;A0006;MSIL0004;76.146;01/10/2019;17:15:00;Credit card;7.2
692-92-5582;440001;B0001;MSIL0005;172.746;2/20/2019;13:27:00;Credit card;5.9
351-62-0822;550001;B0002;MSIL0006;60.816;02/06/2019;18:07:00;Ewallet;4.5
529-56-3974;660004;B0003;MSIL0007;107.142;03/09/2019;17:03:00;Cash;6.8
365-64-0515;660005;A0007;N0006;2.464.875;02/12/2019;10:25:00;Ewallet;7.1
252-56-2699;440002;A0008;N0007;453.495;02/07/2019;16:48:00;Ewallet;8.2
829-34-3910;330004;A0009;N0008;749.49;3/29/2019;19:21:00;Cash;5.7
299-46-1805;110002;B0004;MSIL0008;590.436;1/15/2019;16:19:00;Cash;4.5
656-95-9349;330005;A0010;MSIL0009;5.066.355;03/11/2019;11:03:00;Credit card;4.6
765-26-6951;110003;A0011;N0009;457.443;01/01/2019;10:39:00;Credit card;6.9
329-62-1586;440003;A0012;N0010;1.722.105;1/21/2019;18:00:00;Credit card;8.6
319-50-3348;220003;B0005;N0011;84.63;03/11/2019;15:30:00;Ewallet;4.4
300-71-4605;660006;C0004;MSIL0010;451.71;2/25/2019;11:24:00;Ewallet;4.8
371-85-5789;330006;B0006;N0012;277.137;03/05/2019;10:40:00;Ewallet;5.1
273-16-6619;220004;B0007;N0013;69.72;3/15/2019;12:20:00;Credit card;4.4
636-48-8204;660007;A0013;N0014;181.44;2/17/2019;11:15:00;Ewallet;9.9
549-59-1358;110004;A0014;MSIL0011;2.791.845;03/02/2019;17:36:00;Ewallet;6
227-03-5010;220005;A0015;MSIL0012;441.756;3/22/2019;19:20:00;Credit card;8.5
649-29-6775;550002;B0008;N0015;35.196;02/08/2019;15:31:00;Cash;6.7
189-17-4241;550003;A0016;N0016;184.107;03/10/2019;12:17:00;Credit card;7.7
145-94-9061;440004;B0009;N0017;463.89;1/25/2019;19:48:00;Cash;9.6
848-62-7243;330007;A0017;N0018;2.352.105;3/15/2019;15:36:00;Cash;7.4
871-79-8483;550004;B0010;N0019;4.941.825;2/25/2019;19:39:00;Credit card;4.8
149-71-6266;110005;B0011;MSIL0013;7.377.615;1/28/2019;12:43:00;Cash;4.5
640-49-2076;110006;B0012;N0020;703.752;01/10/2019;14:49:00;Cash;5.1
595-11-5460;330008;A0018;N0021;202.818;3/15/2019;10:12:00;Credit card;5.1
183-56-6882;440005;C0005;MSIL0014;417.564;02/06/2019;10:42:00;Ewallet;7.5
232-16-2483;110007;C0006;MSIL0015;71.526;01/07/2019;12:28:00;Ewallet;6.8
129-29-8530;110008;A0019;MSIL0016;328.755;03/10/2019;19:15:00;Ewallet;7
272-65-1806;660008;A0020;N0022;575.316;1/15/2019;17:17:00;Ewallet;4.7
333-73-7901;330009;C0007;N0023;461.328;3/23/2019;13:24:00;Ewallet;7.6
777-82-7220;220006;B0013;MSIL0017;253.008;03/03/2019;13:01:00;Cash;7.7
280-35-5823;220007;B0014;MSIL0018;91.056;1/17/2019;18:45:00;Ewallet;7.9
554-53-8700;220008;C0008;MSIL0019;117.831;02/02/2019;10:11:00;Cash;6.3
354-25-5821;110009;B0015;MSIL0020;435.456;02/08/2019;13:03:00;Cash;5.6
228-96-1411;440006;C0009;MSIL0021;829.08;03/04/2019;20:39:00;Cash;7.6
617-15-4209;330010;C0010;MSIL0022;32.277;3/16/2019;19:47:00;Cash;7.2
132-32-9879;660009;B0016;MSIL0023;394.632;03/09/2019;18:00:00;Cash;9.5
370-41-7321;330011;B0017;MSIL0024;5.357.205;2/27/2019;17:24:00;Credit card;8.4
727-46-3608;440007;B0018;MSIL0025;1.890.945;02/06/2019;15:47:00;Ewallet;4.1
669-54-1719;660010;B0019;MSIL0026;119.259;02/10/2019;12:45:00;Credit card;8.1
574-22-5561;550005;C0011;MSIL0027;867.615;3/19/2019;17:08:00;Ewallet;7.9
326-78-5178;440008;C0012;MSIL0028;671.79;02/03/2019;10:19:00;Cash;9.5
162-48-8011;440009;A0021;MSIL0029;2.340.975;02/10/2019;15:10:00;Cash;8.5
616-24-2851;550006;B0020;MSIL0030;75.054;3/22/2019;14:42:00;Ewallet;6.5
778-71-5554;550007;C0013;MSIL0031;162.015;1/25/2019;15:46:00;Credit card;6.1
242-55-6721;220009;B0021;N0024;33.936;03/07/2019;11:49:00;Ewallet;6.5
399-46-5918;660011;C0014;N0025;722.232;2/28/2019;19:01:00;Cash;8.2
106-35-6779;220010;A0022;MSIL0032;93.114;3/27/2019;11:26:00;Cash;5.8
635-40-6220;330012;A0023;N0026;752.64;02/07/2019;11:28:00;Ewallet;6.6
817-48-8732;220011;A0024;MSIL0033;759.675;1/20/2019;15:55:00;Cash;5.4
120-06-4233;660012;C0015;N0027;192.843;03/12/2019;20:36:00;Cash;9.3
285-68-5083;110010;C0016;MSIL0034;77.931;2/15/2019;17:47:00;Credit card;10
803-83-5989;220012;C0017;N0028;351.099;2/24/2019;10:55:00;Ewallet;7
347-34-2234;110011;B0022;MSIL0035;5.204.115;02/03/2019;13:40:00;Ewallet;10
199-75-8169;110012;A0025;MSIL0036;166.005;03/06/2019;12:27:00;Credit card;8.6
853-23-2453;330013;B0023;MSIL0037;318.108;2/14/2019;14:35:00;Cash;7.6
877-22-3308;330014;A0026;MSIL0038;166.635;3/13/2019;16:40:00;Cash;5.8
838-78-4295;330015;C0018;N0029;70.287;02/10/2019;15:43:00;Ewallet;6.7
109-28-2512;550008;B0024;MSIL0039;614.943;01/07/2019;15:01:00;Ewallet;9.9
232-11-3025;110013;A0027;N0030;827.085;1/24/2019;10:04:00;Cash;6.4
382-03-4532;330016;A0028;MSIL0040;192.465;02/02/2019;18:50:00;Cash;4.3
393-65-2792;440010;C0019;N0031;939.54;01/06/2019;12:46:00;Credit card;9.6
796-12-2025;550009;C0020;N0032;652.26;02/11/2019;16:19:00;Cash;5.9
510-95-6347;440011;B0025;MSIL0041;152.838;03/05/2019;18:17:00;Ewallet;4
841-35-6630;660013;C0021;N0033;478.233;03/09/2019;18:21:00;Cash;8.7
287-21-9091;220013;A0029;N0034;7.056.315;1/22/2019;10:55:00;Ewallet;9.4
732-94-0499;660014;C0022;N0035;437.325;1/13/2019;17:04:00;Credit card;5.4
263-10-3913;550010;C0023;MSIL0042;463.428;01/09/2019;14:20:00;Credit card;8.6
381-20-0914;550011;A0030;MSIL0043;1.890.945;01/12/2019;15:48:00;Credit card;5.7
829-49-1914;440012;C0024;MSIL0044;822.255;03/05/2019;16:24:00;Ewallet;6.6
756-01-7507;330017;C0025;N0036;106.995;1/22/2019;18:56:00;Cash;6
870-72-4431;330018;C0026;N0037;624.897;1/21/2019;14:42:00;Credit card;5.5
847-38-7188;440013;B0026;N0038;304.542;1/26/2019;19:56:00;Ewallet;6.4
480-63-2856;440014;C0027;N0039;161.7;1/23/2019;18:37:00;Ewallet;6.6
787-56-0757;440015;C0028;MSIL0045;337.512;2/23/2019;18:45:00;Credit card;8.3
360-39-5055;110014;C0029;MSIL0046;2.567.775;03/09/2019;10:17:00;Cash;6.6
730-50-9884;110015;C0030;N0040;610.491;03/05/2019;14:31:00;Ewallet;4
362-58-8315;550012;C0031;N0041;401.73;3/25/2019;10:23:00;Cash;9.9
633-44-8566;440016;A0031;MSIL0047;362.943;3/27/2019;20:35:00;Credit card;7.3
504-35-8843;110016;A0032;N0042;445.935;01/02/2019;16:57:00;Cash;5.7
318-68-5053;330019;B0027;N0043;485.037;2/27/2019;17:55:00;Cash;6.1
565-80-5980;220014;C0032;MSIL0048;198.996;1/23/2019;10:25:00;Cash;7.1
225-32-0908;110017;C0033;N0044;471.03;1/26/2019;19:54:00;Ewallet;8.2
873-51-0671;110018;A0033;MSIL0049;161.553;01/10/2019;16:42:00;Ewallet;5.1
152-08-9985;330020;B0028;MSIL0050;608.202;03/12/2019;12:09:00;Credit card;8.6
512-91-0811;330021;C0034;N0045;942.375;02/06/2019;20:05:00;Credit card;6.6
594-34-4444;660015;A0034;N0046;102.018;03/08/2019;20:38:00;Ewallet;7.2
766-85-7061;330022;B0029;N0047;922.635;3/29/2019;10:25:00;Ewallet;5.1
871-39-9221;660016;C0035;N0048;78.435;02/09/2019;13:11:00;Cash;4.1
865-92-6136;440017;A0035;N0049;1.661.625;3/23/2019;10:16:00;Ewallet;9.3
733-01-9107;220015;B0030;N0050;521.01;03/05/2019;18:14:00;Cash;7.4
163-56-7055;550013;C0036;MSIL0051;511.455;3/26/2019;19:20:00;Cash;4.1
189-98-2939;550014;C0037;N0051;7.422.975;03/01/2019;13:22:00;Cash;7.2
551-21-3069;660017;C0038;N0052;2.180.115;02/01/2019;11:27:00;Cash;4.9
212-62-1842;440018;A0036;N0053;367.038;3/28/2019;16:44:00;Cash;9.9
716-39-1409;330023;B0031;N0054;2.230.725;3/19/2019;18:19:00;Cash;8
704-48-3927;660018;A0037;MSIL0052;931.035;01/12/2019;14:50:00;Ewallet;7.3
628-34-3388;550015;C0039;N0055;172.494;01/05/2019;20:54:00;Credit card;7.9
630-74-5166;110019;A0038;N0056;391.419;3/22/2019;20:19:00;Cash;7.4
588-01-7461;440019;C0040;N0057;321.111;3/24/2019;10:43:00;Cash;4.2
861-77-0145;660019;C0041;MSIL0053;860.685;03/03/2019;14:30:00;Cash;9.2
479-26-8945;110020;B0032;MSIL0054;34.629;02/05/2019;11:32:00;Ewallet;4.6
210-67-5886;330024;C0042;MSIL0055;3.093.615;02/05/2019;10:41:00;Credit card;7.8
227-78-1148;550016;B0033;N0058;535.374;2/15/2019;12:44:00;Cash;8.4
645-44-1170;220016;A0039;MSIL0056;5.487.615;1/19/2019;20:07:00;Ewallet;4.3
237-01-6122;220017;C0043;MSIL0057;7.634.655;02/01/2019;20:31:00;Credit card;9.5
225-98-1496;550017;C0044;N0059;85.113;03/02/2019;13:01:00;Credit card;7.1
291-32-1427;550018;B0034;MSIL0058;115.185;03/05/2019;12:29:00;Ewallet;5.3
659-65-8956;550019;B0035;MSIL0059;53.928;1/16/2019;15:26:00;Ewallet;5.2
642-32-2990;440020;A0040;N0060;115.08;02/02/2019;20:48:00;Ewallet;6
378-24-2715;220018;B0036;N0061;112.224;1/20/2019;20:38:00;Ewallet;4.1
638-60-7125;660020;A0041;N0062;836.304;2/14/2019;17:03:00;Credit card;5.2
659-36-1684;110021;C0045;MSIL0060;419.832;01/12/2019;12:02:00;Credit card;6.5
219-22-9386;110022;B0037;MSIL0061;944.622;03/09/2019;17:26:00;Credit card;4.2
336-78-2147;220019;C0046;MSIL0062;536.844;3/13/2019;19:52:00;Credit card;4.6
268-27-6179;550020;B0038;MSIL0063;474.348;03/09/2019;14:57:00;Ewallet;7.3
668-90-8900;220020;A0042;N0063;6.886.215;03/10/2019;18:44:00;Credit card;4.5
870-54-3162;110023;A0043;N0064;1.693.125;1/27/2019;13:26:00;Cash;9
189-08-9157;550021;C0047;N0065;2.998.485;01/08/2019;16:17:00;Credit card;5.9
663-86-9076;440021;C0048;MSIL0064;575.736;01/08/2019;15:57:00;Ewallet;8.5
549-84-7482;110024;B0039;N0066;853.146;02/08/2019;11:15:00;Ewallet;7.2
191-10-6171;550022;B0040;N0067;291.207;1/25/2019;13:18:00;Cash;7.5
802-70-5316;110025;A0044;MSIL0065;580.419;03/06/2019;20:34:00;Cash;8.3
695-51-0018;110026;B0041;N0068;146.328;02/10/2019;18:36:00;Cash;7.4
590-83-4591;660021;B0042;MSIL0066;550.935;2/17/2019;14:40:00;Credit card;8.8
483-71-1164;330025;C0049;N0069;512.19;03/08/2019;16:43:00;Ewallet;5.3
597-78-7908;550023;C0050;N0070;284.193;2/18/2019;19:39:00;Cash;6.2
700-81-1757;660022;A0045;N0071;1.381.275;1/18/2019;20:59:00;Credit card;8.8
354-39-5160;220021;A0046;MSIL0067;216.846;2/18/2019;15:39:00;Cash;9.8
241-72-9525;110027;B0043;N0072;545.055;2/16/2019;12:21:00;Cash;8.2
575-30-8091;110028;A0047;N0073;609;3/16/2019;19:25:00;Ewallet;9.2
731-81-9469;110029;C0051;MSIL0068;942.9;1/23/2019;13:00:00;Credit card;5.4
280-17-4359;330026;C0052;MSIL0069;950.25;1/25/2019;13:48:00;Cash;8.1
338-65-2210;330027;C0053;MSIL0070;720.3;02/05/2019;19:57:00;Cash;9.1
488-25-4221;440022;C0054;MSIL0071;319.305;2/22/2019;10:36:00;Credit card;8.4
239-10-7476;220022;A0048;N0074;491.085;1/21/2019;16:37:00;Ewallet;8
458-41-1477;330028;C0055;N0075;291.438;03/08/2019;17:11:00;Credit card;9.5
685-64-1609;550024;A0049;MSIL0072;316.47;02/10/2019;12:28:00;Ewallet;9.2
568-90-5112;330029;C0056;N0076;277.788;3/19/2019;12:46:00;Credit card;5.6
262-47-2794;220023;B0044;MSIL0073;603.624;03/06/2019;15:07:00;Credit card;6.2
238-49-0436;330030;A0050;N0077;272.664;3/27/2019;13:48:00;Credit card;4.9
608-96-3517;550025;B0045;MSIL0074;384.468;3/23/2019;19:20:00;Credit card;4.8
584-86-7256;110030;C0057;MSIL0075;254.016;03/11/2019;16:07:00;Credit card;7.3
746-94-0204;550026;A0051;N0078;786.618;1/29/2019;11:56:00;Credit card;7.4
214-17-6927;440023;C0058;N0079;103.824;02/07/2019;18:23:00;Ewallet;9.9
400-89-4171;110031;C0059;N0080;680.148;1/28/2019;13:05:00;Cash;9.3
782-95-9291;440024;A0052;MSIL0076;4.845.225;2/20/2019;15:55:00;Credit card;9
279-74-2924;660023;B0046;MSIL0077;757.785;01/04/2019;19:40:00;Cash;6.1
307-85-2293;220024;B0047;N0081;263.97;03/07/2019;13:58:00;Ewallet;9.7
743-04-1105;330031;B0048;MSIL0078;918.729;3/30/2019;14:43:00;Ewallet;6
423-57-2993;110032;B0049;N0082;588.357;3/27/2019;19:18:00;Ewallet;10
894-41-5205;440025;C0060;N0083;362.712;1/19/2019;19:39:00;Credit card;8.3
275-28-0149;110033;A0053;N0084;668.745;2/25/2019;16:21:00;Cash;6
101-17-6199;440026;A0054;N0085;3.365.565;3/13/2019;19:44:00;Credit card;7
423-80-0988;110034;C0061;N0086;160.44;1/30/2019;19:42:00;Ewallet;6.5
548-46-9322;440027;B0050;N0087;418.95;2/20/2019;15:24:00;Credit card;5.9
505-02-0892;330032;B0051;MSIL0079;357.588;2/25/2019;14:12:00;Ewallet;5.6
234-65-2137;220025;C0062;N0088;1003.59;1/16/2019;13:32:00;Cash;4.8
687-47-8271;550027;A0055;N0089;1039.29;02/08/2019;16:20:00;Credit card;8.7
796-32-9050;440028;A0056;N0090;323.064;1/19/2019;16:31:00;Cash;6.5
105-31-1824;110035;A0057;MSIL0080;510.972;02/01/2019;15:10:00;Credit card;8.5
249-42-3782;330033;A0058;N0091;3.675.525;01/03/2019;11:36:00;Ewallet;5.5
316-55-4634;440029;B0052;MSIL0081;4.202.625;1/26/2019;12:45:00;Credit card;9.4
733-33-4967;660024;C0063;N0092;175.14;03/03/2019;19:17:00;Cash;6.3
608-27-6295;660025;B0053;MSIL0082;333.207;1/19/2019;17:34:00;Credit card;9.8
414-12-7047;440030;B0054;N0093;166.236;1/18/2019;12:04:00;Ewallet;8.7
827-26-2100;220026;A0059;MSIL0083;319.788;3/21/2019;16:21:00;Ewallet;8.8
175-54-2529;440031;A0060;MSIL0084;186.228;03/03/2019;17:01:00;Credit card;9.6
139-52-2867;550028;C0064;N0094;1.654.485;2/13/2019;10:50:00;Credit card;4.8
407-63-8975;440032;A0061;N0095;465.444;3/23/2019;19:16:00;Ewallet;4.4
342-65-4817;330034;C0065;MSIL0085;273.42;1/28/2019;16:47:00;Ewallet;9.9
130-98-8941;550029;C0066;N0096;472.311;02/09/2019;10:00:00;Cash;5.7
434-83-9547;440033;C0067;MSIL0086;323.148;1/23/2019;11:51:00;Cash;7.7
851-28-6367;110036;A0062;MSIL0087;162.75;3/23/2019;10:55:00;Ewallet;8
824-88-3614;330035;C0068;N0097;288.204;1/25/2019;15:00:00;Ewallet;5.7
586-25-0848;110037;A0063;N0098;90.699;03/04/2019;11:19:00;Credit card;6.7
895-66-0685;440034;B0055;MSIL0088;56.952;03/05/2019;19:46:00;Ewallet;8
305-14-0245;220027;B0056;MSIL0089;793.716;03/03/2019;19:00:00;Ewallet;7.5
732-04-5373;220028;B0057;MSIL0090;195.174;02/08/2019;10:53:00;Cash;7
400-60-7251;220029;A0064;N0099;777.735;02/10/2019;12:50:00;Ewallet;9.9
593-65-1552;220030;C0069;N0100;293.202;1/28/2019;20:50:00;Credit card;5.9
284-34-9626;220031;B0058;N0101;242.676;02/11/2019;10:39:00;Credit card;7.2
437-58-8131;550030;B0059;N0102;154.392;1/15/2019;13:41:00;Ewallet;4.6
286-43-6208;440035;C0070;N0103;829.71;3/16/2019;19:08:00;Cash;9.2
641-43-2399;220032;B0060;N0104;107.31;1/26/2019;20:23:00;Ewallet;5.7
831-07-6050;660026;A0065;N0105;1.717.275;3/19/2019;11:30:00;Credit card;9.9
556-86-3144;550031;C0071;MSIL0091;780.045;1/13/2019;19:30:00;Cash;5
848-24-9445;330036;C0072;MSIL0092;91.77;3/26/2019;18:03:00;Cash;4.9
856-22-8149;220033;A0066;N0106;265.545;3/23/2019;10:13:00;Ewallet;6.1
699-01-4164;330037;C0073;N0107;174.3;03/12/2019;19:58:00;Credit card;8.2
420-11-4919;440036;C0074;MSIL0093;3.747.975;2/17/2019;19:57:00;Credit card;5.5
606-80-4905;110038;C0075;MSIL0094;120.645;1/29/2019;10:01:00;Credit card;6.8
542-41-0513;660027;B0061;MSIL0095;241.458;3/15/2019;11:57:00;Cash;6.6
426-39-2418;660028;C0076;N0108;4.513.635;1/14/2019;10:02:00;Cash;9.8
875-46-5808;330038;B0062;MSIL0096;271.95;02/06/2019;14:51:00;Ewallet;8.7
394-43-4238;220034;B0063;MSIL0097;932.925;2/15/2019;12:42:00;Credit card;5.4
749-24-1565;330039;A0067;N0109;2.176.335;01/03/2019;12:02:00;Ewallet;7.9
672-51-8681;660029;C0077;MSIL0098;6.298.425;01/04/2019;18:19:00;Credit card;9.7
263-87-5680;220035;C0078;MSIL0099;299.565;3/18/2019;17:38:00;Ewallet;7.8
573-58-9734;550032;B0064;N0110;956.655;3/28/2019;13:41:00;Ewallet;5.1
817-69-8206;660030;B0065;N0111;9.424.485;03/02/2019;19:42:00;Credit card;6.5
888-02-0338;660031;A0068;N0112;2.478.735;1/25/2019;20:24:00;Ewallet;5.9
677-11-0152;440037;C0079;N0113;881.307;1/16/2019;18:08:00;Cash;8.8
142-63-6033;220036;B0066;N0114;484.89;3/20/2019;19:17:00;Ewallet;4.9
656-16-1063;110039;B0067;N0115;146.223;01/04/2019;13:24:00;Credit card;4.4
891-58-8335;110040;B0068;MSIL0100;2.176.335;03/11/2019;15:53:00;Cash;6.5
802-43-8934;220037;A0069;N0116;19.194;3/22/2019;15:05:00;Credit card;8.3
560-30-5617;110041;B0069;N0117;1.300.425;3/24/2019;18:27:00;Cash;8.5
319-74-2561;660032;A0070;MSIL0101;298.116;2/21/2019;16:55:00;Cash;5.5
549-03-9315;550033;B0070;N0118;796.908;02/12/2019;12:58:00;Ewallet;8.7
790-29-1172;440038;B0071;N0119;180.621;03/10/2019;18:59:00;Credit card;7.9
239-36-3640;660033;B0072;N0120;285.705;1/31/2019;13:44:00;Ewallet;6.1
468-01-2051;440039;B0073;N0121;456.288;03/06/2019;13:46:00;Ewallet;5.4
389-25-3394;660034;C0080;N0122;620.025;2/17/2019;18:06:00;Cash;9.4
279-62-1445;550034;C0081;MSIL0102;13.167;2/21/2019;12:38:00;Cash;8.2
213-72-6612;440040;A0071;N0123;90.825;3/20/2019;15:56:00;Cash;6.2
746-68-6593;110042;C0082;MSIL0103;183.036;01/11/2019;14:29:00;Credit card;9.7
836-82-5858;330040;B0074;MSIL0104;6.555.465;1/26/2019;19:14:00;Ewallet;4
583-72-1480;660035;C0083;MSIL0105;155.652;1/31/2019;16:24:00;Ewallet;9.7
466-61-5506;660036;B0075;MSIL0106;571.41;2/26/2019;10:52:00;Cash;5.3
721-86-6247;220038;A0072;N0124;532.728;03/11/2019;12:55:00;Ewallet;7.4
289-65-5721;550035;B0076;N0125;170.877;1/26/2019;19:28:00;Cash;6.5
545-46-3100;660037;B0077;MSIL0107;333.585;03/12/2019;13:52:00;Credit card;8.7
418-02-5978;330041;B0078;N0126;7.946.505;02/11/2019;10:54:00;Cash;8
269-04-5750;550036;B0079;MSIL0108;310.044;2/21/2019;18:31:00;Cash;6.7
157-13-5295;330042;A0073;MSIL0109;545.37;03/09/2019;18:24:00;Ewallet;6.5
645-78-8093;110043;A0074;N0127;195.594;1/20/2019;18:09:00;Ewallet;4.1
211-30-9270;330043;C0084;N0128;914.025;1/28/2019;15:16:00;Credit card;4.9
755-12-3214;550037;C0085;MSIL0110;232.155;03/05/2019;17:07:00;Credit card;8.6
346-84-3103;660038;B0080;MSIL0111;69.405;03/02/2019;19:26:00;Cash;4.3
478-06-7835;550038;A0075;N0129;941.745;01/11/2019;11:20:00;Ewallet;4.9
540-11-4336;440041;A0076;N0130;235.683;01/11/2019;16:49:00;Credit card;5.6
448-81-5016;330044;A0077;N0131;125.517;03/11/2019;12:01:00;Credit card;5.8
142-72-4741;550039;C0086;MSIL0112;195.72;2/28/2019;18:37:00;Credit card;6
217-58-1179;220039;A0078;MSIL0113;263.13;01/05/2019;11:25:00;Cash;4.2
376-02-8238;220040;B0081;N0132;788.508;02/02/2019;18:42:00;Credit card;8.3
530-90-9855;220041;A0079;MSIL0114;399.756;01/01/2019;14:47:00;Cash;5.7
866-05-7563;660039;B0082;MSIL0115;256.41;02/09/2019;19:43:00;Cash;4.8
604-70-6476;550040;A0080;MSIL0116;94.185;1/23/2019;14:04:00;Ewallet;6.8
799-71-1548;660040;A0081;MSIL0117;326.424;01/07/2019;16:11:00;Credit card;8.8
785-13-7708;440042;B0083;N0133;536.991;1/14/2019;19:06:00;Credit card;4.2
845-51-0542;440043;B0084;MSIL0118;4.398.975;02/02/2019;15:34:00;Ewallet;6.4
662-47-5456;550041;C0087;MSIL0119;369.495;3/17/2019;19:06:00;Credit card;8.4
883-17-4236;110044;C0088;N0134;30.219;03/02/2019;19:44:00;Credit card;7.2
290-68-2984;220042;A0082;N0135;99.75;3/16/2019;11:22:00;Cash;5.2
704-11-6354;220043;A0083;MSIL0120;494.76;01/06/2019;11:23:00;Cash;8.9
110-48-7033;550042;B0085;MSIL0121;137.004;1/29/2019;14:12:00;Cash;9
366-93-0948;660041;A0084;MSIL0122;696.675;1/31/2019;10:46:00;Credit card;9.7
729-09-9681;220044;A0085;MSIL0123;163.233;02/05/2019;10:16:00;Ewallet;8.7
151-16-1484;660042;A0086;MSIL0124;135.45;2/13/2019;12:38:00;Ewallet;6.5
380-94-4661;660043;C0089;MSIL0125;276.948;02/07/2019;13:05:00;Credit card;6.9
850-41-9669;660044;A0087;N0136;709.317;3/19/2019;13:25:00;Ewallet;6.2
821-07-3596;550043;C0090;N0137;69.09;03/07/2019;14:53:00;Ewallet;5.6
655-85-5130;550044;B0086;MSIL0126;160.86;3/13/2019;19:22:00;Cash;5.7
447-15-7839;110045;A0088;MSIL0127;233.52;02/09/2019;11:00:00;Cash;4.2
154-74-7179;110046;B0087;N0138;571.725;2/26/2019;19:24:00;Ewallet;7.9
253-12-6086;110047;A0089;MSIL0128;723.24;03/12/2019;12:43:00;Credit card;8.7
808-65-0703;220045;C0091;N0139;148.974;3/14/2019;17:22:00;Credit card;6.9
571-94-0759;440044;B0088;MSIL0129;783.3;01/08/2019;20:55:00;Cash;9.5
144-51-6085;220046;A0090;MSIL0130;297.108;01/05/2019;16:05:00;Credit card;4.4
731-14-2199;220047;A0091;MSIL0131;373.17;01/04/2019;13:34:00;Ewallet;7
783-09-1637;110048;B0089;N0140;3.540.075;03/06/2019;18:13:00;Ewallet;6.3
687-15-1097;330045;C0092;MSIL0132;44.352;01/03/2019;19:17:00;Cash;9.7
126-54-1082;220048;A0092;MSIL0133;203.553;01/07/2019;11:44:00;Credit card;8.8
633-91-1052;220049;A0093;N0141;25.263;1/27/2019;15:51:00;Cash;5.1
477-24-6490;330046;B0090;N0142;628.173;2/26/2019;16:52:00;Ewallet;7.9
566-19-5475;550045;B0091;N0143;3.525.795;01/07/2019;20:52:00;Cash;6.2
526-86-8552;220050;C0093;MSIL0134;229.11;01/07/2019;17:36:00;Cash;7.1
376-56-3573;550046;C0094;N0144;400.764;02/02/2019;13:23:00;Ewallet;6.4
537-72-0426;550047;C0095;MSIL0135;745.395;3/20/2019;16:28:00;Cash;5.7
828-61-5674;110049;A0094;MSIL0136;462.21;3/20/2019;19:57:00;Credit card;9.6
136-08-6195;220051;A0095;N0145;587.664;2/15/2019;17:01:00;Credit card;6.4
523-38-0215;220052;C0096;N0146;38.85;03/06/2019;13:29:00;Credit card;7.9
490-29-1201;110050;A0096;N0147;16.107;01/06/2019;11:09:00;Cash;6.5
667-92-0055;330047;A0097;MSIL0137;628.929;03/04/2019;15:02:00;Ewallet;8.5
565-17-3836;330048;A0098;MSIL0138;200.214;03/12/2019;14:21:00;Cash;9.1
498-41-1961;330049;B0092;N0148;350.07;2/20/2019;18:01:00;Cash;7.6
593-95-4461;220053;C0097;MSIL0139;78.603;3/24/2019;14:49:00;Cash;6.9
226-71-3580;110051;C0098;N0149;2.244.375;1/31/2019;12:02:00;Cash;9.5
283-79-9594;440045;B0093;N0150;3.565.485;1/25/2019;13:30:00;Credit card;5.2
430-60-3493;220054;A0099;MSIL0140;697.368;02/03/2019;14:38:00;Cash;4.2
139-20-0155;660045;B0094;MSIL0141;423.15;1/24/2019;17:37:00;Credit card;7
558-80-4082;660046;C0099;N0151;2.046.975;3/14/2019;17:20:00;Ewallet;6
278-97-7759;660047;A0100;MSIL0142;65.604;2/18/2019;20:29:00;Cash;4.7
316-68-6352;440046;A0101;MSIL0143;76.356;1/21/2019;10:00:00;Cash;7.1
585-03-5943;330050;B0095;N0152;190.155;3/13/2019;11:46:00;Ewallet;5.9
211-05-0490;660048;C0100;MSIL0144;272.58;03/03/2019;13:42:00;Cash;7.5
727-75-6477;660049;C0101;N0153;121.128;3/29/2019;14:44:00;Cash;6.4
744-02-5987;220055;A0102;MSIL0145;493.794;01/10/2019;14:16:00;Ewallet;5.8
307-83-9164;220056;A0103;MSIL0146;252.042;1/25/2019;15:54:00;Cash;4.5
779-06-0012;220057;C0102;MSIL0147;930.405;1/19/2019;10:21:00;Cash;7.7
446-47-6729;550048;C0103;N0154;209.622;01/02/2019;18:09:00;Credit card;6.7
573-10-3877;330051;B0096;MSIL0148;409.605;03/12/2019;16:46:00;Credit card;4.7
735-06-4124;440047;C0104;N0155;510.405;2/25/2019;15:31:00;Cash;4.4
439-54-7422;660050;A0104;N0156;214.998;3/18/2019;17:15:00;Credit card;4.7
396-90-2219;660051;B0097;N0157;125.664;2/23/2019;12:29:00;Cash;8.6
411-77-0180;660052;A0105;MSIL0149;530.67;3/26/2019;20:14:00;Ewallet;4.3
286-01-5402;110052;A0106;N0158;2.956.905;3/30/2019;13:22:00;Cash;9.6
803-17-8013;220058;A0107;MSIL0150;745.836;2/17/2019;17:09:00;Cash;4.1
512-98-1403;660053;A0108;MSIL0151;83.412;3/21/2019;10:40:00;Ewallet;4.7
848-42-2560;550049;A0109;N0159;172.011;03/05/2019;17:43:00;Cash;7.8
532-59-7201;110053;B0098;MSIL0152;503.559;1/31/2019;14:04:00;Cash;5.5
181-94-6432;550050;C0105;MSIL0153;145.593;02/05/2019;19:05:00;Ewallet;9.7
870-76-1733;440048;A0110;MSIL0154;747.075;02/01/2019;10:08:00;Credit card;4.4
423-64-4619;330052;A0111;MSIL0155;1.469.475;03/07/2019;13:12:00;Cash;5
227-07-4446;660054;C0106;MSIL0156;820.365;02/10/2019;20:51:00;Cash;4.4
174-36-3675;440049;C0107;MSIL0157;208.677;2/14/2019;17:29:00;Cash;5.2
428-83-5800;440050;C0108;MSIL0158;66.402;02/09/2019;10:25:00;Cash;7.3
603-07-0961;660055;C0109;MSIL0159;3.926.475;01/10/2019;11:34:00;Cash;4.9
704-20-4138;330053;C0110;MSIL0160;2.180.745;03/11/2019;18:58:00;Credit card;8.1
787-15-1757;330054;C0111;MSIL0161;185.094;2/18/2019;16:28:00;Ewallet;8.4
649-11-3678;440051;C0112;N0160;2.166.885;2/26/2019;20:26:00;Cash;5.5
622-20-1945;330055;C0113;N0161;41.391;1/18/2019;15:08:00;Cash;8.4
372-94-8041;330056;A0112;N0162;96.138;2/15/2019;18:03:00;Ewallet;9.8
563-91-7120;550051;A0113;N0163;3.242.925;03/08/2019;13:21:00;Cash;6.7
746-54-5508;220059;A0114;N0164;135.576;1/17/2019;12:48:00;Credit card;9.4
276-54-0879;110054;B0099;N0165;410.508;03/12/2019;19:53:00;Ewallet;6.4
815-11-1168;440052;A0115;MSIL0162;523.845;03/09/2019;19:09:00;Cash;5.4
719-76-3868;440053;C0114;MSIL0163;395.892;03/12/2019;16:30:00;Cash;8.6
730-61-8757;330057;B0100;MSIL0164;214.746;1/25/2019;10:11:00;Credit card;4
340-66-0321;660056;A0116;MSIL0165;152.712;3/25/2019;13:07:00;Cash;7.6
868-81-1752;220060;B0101;N0166;208.089;02/07/2019;18:48:00;Cash;6.8
634-97-8956;440054;A0117;N0167;103.635;2/17/2019;17:27:00;Credit card;9.1
566-71-1091;550052;A0118;N0168;404.355;02/03/2019;15:59:00;Cash;5.5
442-48-3607;440055;A0119;MSIL0166;49.308;3/14/2019;11:21:00;Credit card;7.9
835-16-0096;110055;C0115;MSIL0167;77.175;3/24/2019;13:48:00;Ewallet;8.5
527-09-6272;660057;A0120;MSIL0168;1.493.625;3/21/2019;10:17:00;Credit card;9.1
898-04-2717;550053;A0121;N0169;721.98;3/19/2019;15:49:00;Ewallet;7.5
692-27-8933;110056;B0102;N0170;365.085;2/24/2019;13:02:00;Cash;5.2
633-09-3463;660058;C0116;N0171;1.500.975;3/28/2019;12:58:00;Credit card;9.5
374-17-3652;440056;B0103;MSIL0169;404.649;02/05/2019;15:26:00;Credit card;8.9
378-07-7001;660059;B0104;MSIL0170;1.514.835;02/10/2019;18:23:00;Credit card;7.8
433-75-6987;330058;B0105;MSIL0171;4.113.795;03/05/2019;19:06:00;Ewallet;8.9
873-95-4984;330059;B0106;MSIL0172;565.215;2/15/2019;20:21:00;Cash;7.7
416-13-5917;440057;C0117;N0172;5.094.075;1/30/2019;16:24:00;Ewallet;9.3
150-89-8043;110057;A0122;N0173;1.406.475;2/14/2019;15:04:00;Cash;6.2
135-84-8019;550054;A0123;N0174;7.364.385;2/27/2019;16:10:00;Ewallet;7.6
441-94-7118;660060;A0124;MSIL0173;755.475;02/04/2019;12:14:00;Cash;7.3
725-96-3778;220061;C0118;MSIL0174;749.7;1/20/2019;10:13:00;Cash;4.7
531-80-1784;660061;A0125;N0175;191.247;3/28/2019;17:38:00;Cash;5.1
400-45-1220;330060;B0107;N0176;141.75;2/27/2019;11:06:00;Credit card;4.8
860-79-0874;550055;C0119;MSIL0175;1042.65;2/15/2019;14:53:00;Credit card;6.6
834-61-8124;660062;A0126;N0177;3.799.215;1/26/2019;18:22:00;Cash;5.5
115-99-4379;550056;B0108;MSIL0176;4.022.655;3/14/2019;19:02:00;Credit card;8.5
565-67-6697;220062;B0109;MSIL0177;255.15;03/02/2019;14:16:00;Cash;4.8
320-49-6392;660063;C0120;N0178;31.752;03/04/2019;15:44:00;Cash;8.4
889-04-9723;440058;B0110;MSIL0178;374.388;01/07/2019;12:20:00;Credit card;7.8
632-90-0281;550057;C0121;N0179;394.275;03/08/2019;20:01:00;Credit card;9.3
554-42-2417;110058;C0122;N0180;1002.12;01/09/2019;13:45:00;Cash;5.2
453-63-6187;660064;B0111;N0181;86.625;03/01/2019;15:40:00;Ewallet;6.5
578-80-7669;110059;B0112;N0182;787.185;3/16/2019;16:58:00;Cash;5.6
612-36-5536;440059;A0127;MSIL0179;680.064;2/17/2019;11:12:00;Credit card;7.4
605-72-4132;440060;C0123;N0183;793.548;2/27/2019;15:12:00;Cash;9.1
471-41-2823;440061;C0124;N0184;209.559;03/07/2019;20:37:00;Ewallet;8
462-67-9126;220063;A0128;N0185;461.286;1/21/2019;17:44:00;Cash;7.2
272-27-9238;440062;C0125;N0186;173.208;2/19/2019;16:23:00;Cash;7.1
834-25-9262;550058;C0126;N0187;343.056;01/06/2019;12:12:00;Cash;9.1
122-61-9553;660065;C0127;N0188;484.974;3/14/2019;19:33:00;Cash;5.6
468-88-0009;220064;A0129;MSIL0180;276.948;3/24/2019;10:29:00;Cash;6
613-59-9758;110060;C0128;N0189;150.78;1/27/2019;14:28:00;Cash;5.4
254-31-0042;660066;A0130;MSIL0181;203.175;03/06/2019;12:46:00;Credit card;7.8
201-86-2184;660067;B0113;MSIL0182;193.011;02/02/2019;19:40:00;Cash;9.9
261-12-8671;550059;B0114;N0190;128.016;1/25/2019;19:39:00;Credit card;4.9
730-70-9830;220065;C0129;N0191;441.693;3/14/2019;17:54:00;Ewallet;5.2
382-25-8917;550060;C0130;N0192;265.104;1/29/2019;12:25:00;Cash;8.9
422-29-8786;220066;A0131;N0193;3.522.225;01/03/2019;16:47:00;Credit card;9.1
667-23-5919;550061;A0132;MSIL0183;507.675;1/14/2019;12:52:00;Ewallet;7
843-01-4703;220067;B0115;MSIL0184;334.341;01/05/2019;19:50:00;Credit card;9.6
743-88-1662;110061;C0131;N0194;7.018.515;2/22/2019;18:17:00;Ewallet;8.7
595-86-2894;550062;C0132;MSIL0185;407.316;02/06/2019;17:20:00;Ewallet;9.4
182-69-8360;660068;B0116;N0195;99.33;1/30/2019;13:32:00;Credit card;4
289-15-7034;110062;A0133;MSIL0186;345.786;01/11/2019;10:37:00;Credit card;7.5
462-78-5240;660069;C0133;N0196;55.881;3/19/2019;14:35:00;Cash;4.2
868-52-7573;440063;B0117;N0197;5.233.725;1/14/2019;12:09:00;Cash;9.9
153-58-4872;440064;C0134;MSIL0187;314.538;03/01/2019;15:32:00;Ewallet;4.2
662-72-2873;440065;A0134;N0198;214.935;01/06/2019;13:58:00;Ewallet;9.9
525-88-7307;110063;B0118;MSIL0188;79.611;1/31/2019;13:19:00;Cash;5.8
689-16-9784;440066;C0135;N0199;294.651;03/11/2019;13:37:00;Cash;6
725-56-0833;330061;A0135;N0200;339.36;2/20/2019;16:49:00;Credit card;10
394-41-0748;550063;C0136;MSIL0189;5.109.615;1/27/2019;14:55:00;Ewallet;9.5
596-42-3999;440067;B0119;N0201;133.917;03/10/2019;14:04:00;Credit card;6.6
541-89-9860;550064;C0137;MSIL0190;253.512;2/15/2019;12:31:00;Cash;8.1
173-82-9529;550065;B0120;N0202;398.475;1/26/2019;14:51:00;Cash;9.7
563-36-9814;660070;A0136;MSIL0191;80.661;2/13/2019;18:27:00;Ewallet;7.2
308-47-4913;110064;A0137;MSIL0192;548.73;03/09/2019;12:45:00;Credit card;6.2
885-17-6250;330062;A0138;N0203;83.727;03/06/2019;10:36:00;Ewallet;7.3
726-27-2396;330063;A0139;N0204;406.875;1/24/2019;20:36:00;Ewallet;4.3
316-01-3952;440068;A0140;N0205;2.849.175;3/13/2019;14:16:00;Ewallet;4.6
760-54-1821;220068;B0121;N0206;1.284.255;3/15/2019;10:26:00;Cash;5.8
793-10-3222;330064;B0122;MSIL0193;258.678;03/05/2019;13:30:00;Credit card;8.3
346-12-3257;660071;B0123;MSIL0194;181.818;03/04/2019;16:28:00;Cash;8
110-05-6330;440069;C0138;N0207;248.409;3/25/2019;20:18:00;Credit card;9.4
651-61-0874;220069;C0139;N0208;194.124;03/12/2019;20:04:00;Credit card;6.2
236-86-3015;220070;C0140;MSIL0195;14.679;02/04/2019;13:38:00;Ewallet;9.8
831-64-0259;550066;B0124;N0209;2.086.875;2/22/2019;10:43:00;Ewallet;9.6
587-03-7455;550067;C0141;MSIL0196;7.187.565;2/16/2019;17:30:00;Ewallet;4.9
882-40-4577;110065;A0141;MSIL0197;282.492;1/19/2019;15:28:00;Credit card;8
732-67-5346;440070;A0142;N0210;723.975;01/11/2019;19:07:00;Credit card;7.8
725-32-9708;550068;B0125;MSIL0198;288.582;01/04/2019;19:01:00;Cash;4.1
256-08-8343;220071;A0143;N0211;237.426;03/04/2019;19:48:00;Ewallet;5.5
372-26-1506;550069;C0142;N0212;125.055;1/28/2019;19:24:00;Ewallet;5.4
244-08-0162;330065;B0126;N0213;359.205;01/02/2019;13:00:00;Cash;5.1
569-71-4390;110066;B0127;N0214;45.927;1/25/2019;14:29:00;Ewallet;6.9
132-23-6451;330066;A0144;MSIL0199;1.100.925;01/04/2019;13:21:00;Cash;7.8
696-90-2548;110067;A0145;N0215;81.396;03/10/2019;18:55:00;Ewallet;6.6
472-15-9636;220072;A0146;N0216;427.812;3/22/2019;19:36:00;Ewallet;9.2
268-03-6164;330067;B0128;N0217;1.009.155;1/25/2019;16:28:00;Ewallet;7.8
750-57-9686;220073;C0143;N0218;190.596;01/08/2019;13:48:00;Credit card;8.7
186-09-3669;330068;C0144;MSIL0200;855.855;1/22/2019;10:57:00;Ewallet;9.2
848-07-1692;330069;B0129;N0219;120.162;01/12/2019;17:13:00;Ewallet;8.3
745-71-3520;660072;A0147;MSIL0201;185.367;02/04/2019;10:23:00;Cash;8.2
266-76-6436;440071;C0145;MSIL0202;121.59;3/28/2019;13:57:00;Ewallet;7.5
740-22-2500;660073;C0146;N0220;2.647.575;1/23/2019;13:29:00;Cash;9.8
271-88-8734;550070;C0147;MSIL0203;1.020.705;02/08/2019;13:00:00;Credit card;8.7
301-81-8610;550071;B0130;MSIL0204;213.528;3/19/2019;19:42:00;Credit card;6.7
489-64-4354;550072;C0148;N0221;17.094;03/09/2019;15:36:00;Cash;5
198-84-7132;550073;B0131;MSIL0205;3.837.645;01/02/2019;13:40:00;Cash;7
269-10-8440;330070;A0148;MSIL0206;3.907.995;1/21/2019;18:01:00;Cash;8.9
650-98-6268;440072;B0132;MSIL0207;657.405;3/20/2019;13:53:00;Credit card;8
741-73-3559;110068;B0133;N0222;3.531.675;2/27/2019;17:27:00;Cash;6.9
325-77-6186;220074;A0149;MSIL0208;951.825;03/08/2019;10:53:00;Ewallet;7.3
286-75-7818;550074;B0134;N0223;145.068;1/31/2019;19:48:00;Credit card;6.9
574-57-9721;440073;C0149;N0224;90.867;03/08/2019;16:53:00;Ewallet;5.7
459-50-7686;660074;A0150;N0225;147.798;1/13/2019;19:14:00;Ewallet;6.4
616-87-0016;550075;B0135;N0226;702.219;03/09/2019;14:36:00;Credit card;9.6
837-55-7229;550076;B0136;N0227;49.812;2/22/2019;18:19:00;Credit card;6.8
751-69-0068;110069;C0150;N0228;937.818;3/19/2019;19:09:00;Ewallet;9
257-73-1380;110070;C0151;MSIL0209;348.306;1/20/2019;16:51:00;Ewallet;9.6
345-08-4992;220075;A0151;N0229;214.137;03/08/2019;15:37:00;Credit card;7.7
549-96-4200;440074;C0152;MSIL0210;71.568;03/08/2019;20:15:00;Ewallet;7
810-60-6344;660075;C0153;N0230;343.224;02/07/2019;14:38:00;Credit card;6.5
450-28-2866;440075;C0154;MSIL0211;91.56;1/15/2019;19:25:00;Cash;8.1
394-30-3170;110071;B0137;MSIL0212;742.812;3/22/2019;19:35:00;Credit card;4.3
138-17-5109;220076;A0152;MSIL0213;8.430.345;1/15/2019;15:42:00;Credit card;6.5
192-98-7397;550077;C0155;N0231;13.419;01/08/2019;14:11:00;Ewallet;9.5
301-11-9629;110072;A0153;N0232;140.385;1/15/2019;10:43:00;Cash;9.7
390-80-5128;330071;B0138;MSIL0214;201.075;1/28/2019;17:58:00;Credit card;9.5
235-46-8343;440076;C0156;MSIL0215;290.43;2/14/2019;11:26:00;Credit card;8.9
453-12-7053;550078;C0157;N0233;144.081;03/10/2019;17:38:00;Credit card;6.5
296-11-7041;330072;B0139;MSIL0216;284.235;01/12/2019;20:07:00;Credit card;5.3
449-27-2918;110073;B0140;MSIL0217;41.076;3/26/2019;11:02:00;Credit card;9.6
891-01-7034;660076;B0141;N0234;470.673;01/01/2019;19:07:00;Cash;6.7
744-09-5786;660077;B0142;N0235;138.663;01/02/2019;18:50:00;Cash;7.6
727-17-0390;440077;A0154;N0236;3.339.525;3/16/2019;12:43:00;Ewallet;4.8
568-88-3448;330073;A0155;N0237;26.25;03/03/2019;15:09:00;Ewallet;5.5
187-83-5490;660078;A0156;MSIL0218;87.234;1/31/2019;13:47:00;Cash;4.7
767-54-1907;550079;B0143;MSIL0219;155.19;2/13/2019;16:59:00;Cash;6.9
710-46-4433;440078;B0144;MSIL0220;731.43;2/15/2019;14:15:00;Credit card;4.5
533-33-5337;660079;B0145;N0238;833.595;02/07/2019;20:24:00;Cash;6.2
325-90-8763;660080;C0158;MSIL0221;488.985;1/27/2019;13:58:00;Cash;7.6
729-46-7422;440079;C0159;N0239;376.845;2/23/2019;16:52:00;Credit card;7.9
639-76-1242;440080;C0160;N0240;212.73;02/03/2019;15:19:00;Cash;4.5
234-03-4040;440081;B0146;MSIL0222;767.025;03/03/2019;12:25:00;Credit card;8.7
326-71-2155;110074;C0161;N0241;310.59;02/03/2019;10:02:00;Cash;6.1
320-32-8842;440082;C0162;MSIL0223;23.751;3/17/2019;18:58:00;Cash;6.4
470-32-9057;440083;A0157;MSIL0224;269.535;3/28/2019;15:31:00;Credit card;9.1
878-30-2331;110075;C0163;MSIL0225;572.775;03/02/2019;11:22:00;Credit card;7.1
440-59-5691;330074;C0164;MSIL0226;2.730.525;02/08/2019;13:12:00;Credit card;7.7
554-53-3790;110076;B0147;N0242;233.226;3/22/2019;18:33:00;Cash;4.5
746-19-0921;440084;C0165;N0243;22.659;02/09/2019;10:02:00;Ewallet;7.2
233-34-0817;660081;C0166;MSIL0227;103.782;2/15/2019;11:21:00;Cash;8.4
767-05-1286;220077;C0167;MSIL0228;527.751;1/23/2019;12:10:00;Ewallet;5.4
340-21-9136;110077;A0158;MSIL0229;168.21;1/25/2019;11:40:00;Cash;9.7
405-31-3305;550080;A0159;MSIL0230;452.865;02/02/2019;18:31:00;Credit card;5.5
731-59-7531;330075;B0148;MSIL0231;609.588;3/30/2019;17:58:00;Cash;4.6
676-39-6028;660082;A0160;MSIL0232;338.31;3/30/2019;17:04:00;Cash;6.6
502-05-1910;330076;A0161;N0244;205.317;2/25/2019;20:35:00;Credit card;6.3
485-30-8700;110078;A0162;N0245;174.615;3/18/2019;16:10:00;Credit card;4.2
598-47-9715;660083;C0168;N0246;353.094;03/07/2019;16:54:00;Ewallet;4.4
701-69-8742;110079;B0149;N0247;360.885;3/16/2019;10:11:00;Ewallet;6.7
575-67-1508;660084;A0163;N0248;40.53;1/29/2019;11:26:00;Ewallet;6.7
541-08-3113;440085;C0169;N0249;554.148;02/02/2019;20:29:00;Cash;8.4
246-11-3901;660085;C0170;N0250;344.4;2/15/2019;12:12:00;Cash;6.2
674-15-9296;110080;A0164;N0251;194.985;01/08/2019;13:05:00;Ewallet;5
305-18-3552;220078;B0150;MSIL0233;633.99;02/12/2019;16:19:00;Cash;6
493-65-6248;110081;C0171;MSIL0234;388.29;01/01/2019;19:48:00;Credit card;7
438-01-4015;110082;B0151;MSIL0235;207.858;3/21/2019;15:25:00;Ewallet;6.6
709-58-4068;550081;B0152;N0252;431.445;2/28/2019;14:42:00;Cash;7.3
795-49-7276;550082;A0165;N0253;156.03;3/23/2019;18:59:00;Ewallet;8.3
556-72-8512;220079;C0172;N0254;24.108;1/30/2019;20:47:00;Cash;4.3
627-95-3243;220080;B0153;MSIL0236;734.076;02/04/2019;13:21:00;Ewallet;9.8
686-41-0932;550083;B0154;N0255;72.87;3/13/2019;19:48:00;Ewallet;8.2
510-09-5628;550084;A0166;MSIL0237;206.43;3/15/2019;18:20:00;Credit card;7.2
608-04-3797;330077;B0155;MSIL0238;212.688;03/05/2019;20:24:00;Ewallet;8.7
148-82-2527;220081;C0173;MSIL0239;127.26;03/05/2019;13:44:00;Credit card;8.4
437-53-3084;550085;B0156;N0256;209.769;2/26/2019;11:48:00;Ewallet;7.1
632-32-4574;110083;B0157;N0257;637.728;3/20/2019;14:14:00;Cash;5.5
556-97-7101;660086;C0174;N0258;132.762;01/01/2019;15:51:00;Cash;8.5
862-59-8517;440086;C0175;N0259;568.512;1/27/2019;11:17:00;Cash;6.2
401-18-8016;110084;B0158;MSIL0240;1.030.365;1/21/2019;17:36:00;Cash;8.9
420-18-8989;110085;A0167;MSIL0241;432.768;02/02/2019;15:47:00;Cash;9.6
277-63-2961;110086;B0159;MSIL0242;776.685;02/03/2019;15:53:00;Credit card;5.4
573-98-8548;550086;C0176;MSIL0243;33.495;01/05/2019;12:40:00;Ewallet;9.1
620-02-2046;220082;C0177;N0260;145.74;1/27/2019;19:48:00;Ewallet;9
282-35-2475;110087;B0160;N0261;195.951;3/25/2019;17:53:00;Cash;6.3
511-54-3087;110088;B0161;N0262;928.725;2/25/2019;16:36:00;Credit card;9.5
726-29-6793;660087;A0168;MSIL0244;203.112;1/28/2019;20:54:00;Ewallet;9.8
387-49-4215;110089;B0162;MSIL0245;152.775;01/08/2019;12:50:00;Cash;6.7
862-17-9201;440087;B0163;N0263;529.515;1/29/2019;10:48:00;Credit card;7.7
291-21-5991;330078;B0164;MSIL0246;3.217.725;3/29/2019;14:28:00;Cash;7
602-80-9671;220083;C0178;MSIL0247;100.485;02/09/2019;17:15:00;Credit card;5.1
347-72-6115;110090;B0165;MSIL0248;666.939;1/16/2019;18:03:00;Credit card;6.2
209-61-0206;220084;A0169;N0264;2.252.775;01/05/2019;17:29:00;Ewallet;6.1
595-27-4851;550087;A0170;N0265;398.958;1/27/2019;18:05:00;Ewallet;9.3
189-52-0236;660088;A0171;N0266;7.316.925;3/14/2019;12:07:00;Cash;7.6
503-07-0930;110091;C0179;MSIL0249;4.291.665;2/23/2019;19:49:00;Credit card;8.2
413-20-6708;550088;C0180;MSIL0250;540.435;3/18/2019;15:52:00;Ewallet;8.5
425-85-2085;330079;B0166;MSIL0251;288.015;3/29/2019;16:48:00;Ewallet;9.8
521-18-7827;220085;C0181;MSIL0252;2.067.975;1/22/2019;20:46:00;Credit card;8.7
220-28-1851;220086;A0172;N0267;72.933;03/01/2019;18:14:00;Ewallet;9.7
600-38-9738;110092;C0182;MSIL0253;377.58;1/17/2019;15:05:00;Credit card;4.3
734-91-1155;660089;B0167;N0268;1.439.865;3/26/2019;10:34:00;Credit card;7.7
451-28-5717;220087;C0183;MSIL0254;523.971;3/20/2019;11:23:00;Cash;7.3
609-81-8548;220088;A0173;MSIL0255;235.872;02/06/2019;13:55:00;Credit card;5.9
133-14-7229;330080;C0184;N0269;132.027;01/01/2019;11:43:00;Cash;5
534-01-4457;440088;A0174;N0270;514.773;1/27/2019;14:36:00;Credit card;8
719-89-8991;110093;A0175;MSIL0256;4.799.025;2/25/2019;16:03:00;Ewallet;7.1
286-62-6248;550089;B0168;N0271;164.682;1/16/2019;20:03:00;Credit card;9
339-38-9982;550090;B0169;MSIL0257;125.706;1/13/2019;14:55:00;Ewallet;6.7
827-44-5872;440089;B0170;MSIL0258;570.78;02/07/2019;11:28:00;Credit card;6.1
827-77-7633;110094;A0176;N0272;9.269.505;2/17/2019;19:41:00;Cash;9.3
287-83-1405;330081;A0177;N0273;160.209;02/12/2019;19:01:00;Ewallet;7
435-13-4908;550091;A0178;MSIL0259;728.112;1/24/2019;18:04:00;Credit card;7.2
857-67-9057;660090;B0171;N0274;240.975;02/06/2019;19:20:00;Ewallet;8.2
236-27-1144;440090;C0185;N0275;1.541.295;3/26/2019;10:31:00;Ewallet;8.4
892-05-6689;220089;A0179;N0276;148.68;03/11/2019;13:28:00;Ewallet;6.2
583-41-4548;220090;C0186;N0277;1.225.245;02/07/2019;11:36:00;Ewallet;7.4
339-12-4827;550092;B0172;MSIL0260;77.658;01/05/2019;11:32:00;Credit card;5
643-38-7867;220091;A0180;N0278;102.837;03/07/2019;11:44:00;Ewallet;6.9
308-81-0538;550093;A0181;N0279;306.81;2/25/2019;17:16:00;Credit card;4.9
358-88-9262;440091;C0187;MSIL0261;551.124;02/01/2019;18:43:00;Ewallet;5.1
460-35-4390;220092;A0182;N0280;96.642;1/22/2019;11:00:00;Ewallet;9.1
343-87-0864;330082;C0188;MSIL0262;79.674;01/03/2019;10:30:00;Credit card;7.1
173-50-1108;110095;B0173;MSIL0263;84.756;2/13/2019;12:14:00;Credit card;5
243-47-2663;660091;C0189;MSIL0264;118.251;1/28/2019;16:43:00;Credit card;5.5
841-18-8232;440092;B0174;N0281;74.76;01/05/2019;20:40:00;Credit card;9.2
701-23-5550;220093;B0175;MSIL0265;163.002;3/19/2019;13:40:00;Ewallet;4.9
647-50-1224;550094;A0183;N0282;308.91;01/12/2019;16:23:00;Ewallet;8.9
541-48-8554;110096;A0184;N0283;5.759.775;01/07/2019;12:08:00;Credit card;6
539-21-7227;110097;B0176;N0284;270.585;1/26/2019;17:45:00;Cash;4.2
213-32-1216;660092;A0185;N0285;416.178;1/23/2019;10:28:00;Cash;7.3
747-58-7183;550095;B0177;N0286;1.804.005;02/09/2019;20:31:00;Ewallet;6.5
582-52-8065;550096;B0178;N0287;5.132.295;2/22/2019;10:49:00;Cash;8.9
210-57-1719;330083;B0179;N0288;550.368;02/05/2019;12:34:00;Cash;9.7
399-69-4630;660093;C0190;N0289;139.923;03/07/2019;10:23:00;Credit card;8.6
134-75-2619;660094;A0186;MSIL0266;142.002;3/25/2019;18:51:00;Cash;6.9
356-44-8813;220094;B0180;N0290;118.062;1/20/2019;13:45:00;Credit card;7.7
198-66-9832;550097;B0181;MSIL0267;151.284;02/04/2019;19:38:00;Cash;9.5
283-26-5248;440093;C0191;MSIL0268;1034.46;1/30/2019;20:23:00;Ewallet;4.5
712-39-0363;440094;A0187;MSIL0269;262.458;01/02/2019;15:24:00;Ewallet;5.6
218-59-9410;220095;A0188;MSIL0270;228.123;3/29/2019;16:54:00;Ewallet;8.2
174-75-0888;660095;B0182;N0291;203.931;3/14/2019;12:32:00;Cash;7.3
866-99-7614;440095;C0192;N0292;936.6;02/11/2019;15:42:00;Credit card;4.4
134-54-4720;660096;B0183;N0293;356.328;1/30/2019;13:58:00;Ewallet;5.7
760-90-2357;660097;A0189;MSIL0271;469.413;3/20/2019;15:08:00;Ewallet;5
514-37-2845;550098;B0184;N0294;208.425;3/20/2019;13:02:00;Cash;9
698-98-5964;440096;A0190;N0295;852.705;1/17/2019;13:01:00;Credit card;6.3
718-57-9773;110098;C0193;N0296;517.965;02/03/2019;16:40:00;Credit card;9.4
651-88-7328;550099;A0191;N0297;621.243;01/01/2019;13:55:00;Cash;7.7
241-11-2261;550100;B0185;N0298;586.971;01/10/2019;10:33:00;Credit card;5.5
408-26-9866;110099;C0194;N0299;543.753;03/02/2019;16:42:00;Ewallet;4.1
834-83-1826;220096;B0186;MSIL0272;430.71;2/25/2019;17:16:00;Credit card;7.6
343-61-3544;110100;B0187;MSIL0273;280.035;1/29/2019;11:48:00;Cash;8.6
239-48-4278;440097;A0192;MSIL0274;744.555;03/10/2019;19:35:00;Ewallet;8.3
355-34-6244;440098;B0188;N0300;152.019;1/13/2019;19:55:00;Credit card;8.1
550-84-8664;110101;A0193;N0301;4.510.275;3/22/2019;14:33:00;Credit card;8.6
339-96-8318;550101;B0189;MSIL0275;5.976.285;03/01/2019;19:49:00;Ewallet;6.3
458-61-0011;440099;B0190;N0302;253.26;2/20/2019;18:43:00;Cash;5.8
592-34-6155;440100;C0195;N0303;133.434;1/14/2019;14:43:00;Ewallet;6.2
797-88-0493;330084;A0194;N0304;269.934;3/26/2019;13:54:00;Cash;7.7
207-73-1363;330085;B0191;N0305;145.971;03/01/2019;12:15:00;Ewallet;8.1
390-31-6381;440101;C0196;N0306;85.743;01/07/2019;12:37:00;Cash;7.3
443-82-0585;330086;A0195;MSIL0276;326.256;02/01/2019;19:54:00;Cash;8.4
339-18-7061;550102;C0197;MSIL0277;195.258;2/13/2019;15:06:00;Credit card;8
359-90-3665;550103;B0192;MSIL0278;75.936;1/14/2019;18:03:00;Credit card;9.5
375-72-3056;110102;B0193;N0307;198.639;1/19/2019;15:58:00;Ewallet;7
127-47-6963;330087;A0196;N0308;217.182;03/09/2019;13:53:00;Credit card;9.8
278-86-2735;440102;A0197;N0309;164.871;3/27/2019;14:03:00;Cash;9.2
695-28-6250;110103;A0198;N0310;226.065;02/04/2019;16:38:00;Ewallet;7.7
379-17-6588;550104;C0198;N0311;625.905;3/14/2019;11:07:00;Cash;5.3
227-50-3718;330088;A0199;N0312;76.755;03/04/2019;12:23:00;Cash;4.4
302-15-2162;330089;C0199;MSIL0279;293.139;03/03/2019;10:54:00;Credit card;4.3
788-07-8452;220097;C0200;MSIL0280;178.164;1/27/2019;17:38:00;Ewallet;9.4
560-49-6611;110104;A0200;MSIL0281;47.859;02/07/2019;14:13:00;Cash;9.8
880-35-0356;110105;A0201;MSIL0282;236.88;02/05/2019;11:51:00;Ewallet;4.8
585-11-6748;110106;B0194;MSIL0283;304.92;3/15/2019;13:05:00;Cash;5.3
470-31-3286;330090;B0195;N0313;46.683;03/01/2019;11:30:00;Credit card;8.7
152-68-2907;440103;A0202;N0314;164.43;2/15/2019;13:30:00;Credit card;9.5
123-35-4896;110107;C0201;N0315;440.937;2/17/2019;19:11:00;Ewallet;5.3
258-69-7810;550105;C0202;N0316;1.934.625;1/26/2019;18:53:00;Cash;9.2
334-64-2006;220098;A0203;MSIL0284;147.672;3/24/2019;14:22:00;Ewallet;9.6
219-61-4139;660098;C0203;N0317;87.234;1/23/2019;17:16:00;Ewallet;6.4
881-41-7302;550106;C0204;N0318;682.395;1/26/2019;10:06:00;Credit card;4.5
373-09-4567;440104;C0205;N0319;814.38;3/14/2019;20:35:00;Ewallet;6.9
642-30-6693;110108;B0196;N0320;343.413;3/17/2019;13:54:00;Ewallet;7.8
484-22-8230;550107;C0206;MSIL0285;3.813.915;01/08/2019;20:08:00;Cash;4.5
830-58-2383;220099;B0197;N0321;133.35;02/08/2019;15:26:00;Cash;8.6
559-98-9873;550108;A0204;MSIL0286;3.943.275;02/10/2019;12:56:00;Ewallet;5.2
544-32-5024;440105;C0207;MSIL0287;209.118;3/28/2019;19:16:00;Credit card;6.4
318-12-0304;550109;A0205;N0322;321.405;1/23/2019;12:20:00;Ewallet;5.2
349-97-8902;440106;B0198;MSIL0288;121.569;1/17/2019;10:37:00;Ewallet;8.9
421-95-9805;660099;A0206;N0323;30.408;02/07/2019;10:18:00;Credit card;6.2
277-35-5865;440107;C0208;MSIL0289;9.352.665;03/09/2019;11:23:00;Cash;6.7
789-23-8625;550110;B0199;MSIL0290;293.643;1/24/2019;11:45:00;Cash;7.2
284-54-4231;110109;C0209;MSIL0291;849.765;1/19/2019;16:08:00;Credit card;9
443-59-0061;440108;A0207;MSIL0292;708.225;02/03/2019;11:25:00;Ewallet;4.2
509-29-3912;110110;A0208;MSIL0293;365.904;3/20/2019;12:24:00;Ewallet;4.2
327-40-9673;110111;B0200;MSIL0294;457.38;1/13/2019;19:51:00;Cash;6.9
840-19-2096;660100;C0210;MSIL0295;4.615.275;3/14/2019;18:10:00;Ewallet;4.4
828-46-6863;440109;A0209;MSIL0296;620.739;1/23/2019;11:22:00;Credit card;4
641-96-3695;550111;C0211;MSIL0297;273.798;02/07/2019;17:55:00;Ewallet;8.5
420-97-3340;440110;A0210;N0324;225.792;3/28/2019;15:30:00;Credit card;9.2
436-54-4512;440111;A0211;MSIL0298;961.905;3/20/2019;19:44:00;Cash;9.8
670-79-6321;220100;B0201;MSIL0299;6.952.365;1/17/2019;15:27:00;Credit card;4.9
852-62-7105;550112;B0202;N0325;874.125;01/12/2019;11:25:00;Credit card;4.4
598-06-7312;550113;B0203;MSIL0300;959.175;2/16/2019;15:42:00;Cash;6.8
135-13-8269;440112;B0204;MSIL0301;165.648;1/26/2019;16:04:00;Cash;9.1
816-57-2053;110112;A0212;N0326;127.827;03/09/2019;12:37:00;Ewallet;8.7
628-90-8624;330091;B0205;MSIL0302;867.09;3/14/2019;14:41:00;Cash;5
856-66-2701;220101;A0213;MSIL0303;167.895;1/25/2019;14:19:00;Ewallet;7.5
308-39-1707;550114;A0214;N0327;126.945;1/26/2019;18:19:00;Credit card;8.2
149-61-1929;110113;A0215;N0328;673.995;1/19/2019;14:08:00;Credit card;6.7
655-07-2265;660101;A0216;N0329;2.466.765;03/05/2019;16:38:00;Ewallet;5.4
589-02-8023;440113;A0217;MSIL0304;175.917;1/15/2019;10:54:00;Credit card;7
420-04-7590;220102;B0206;N0330;314.055;3/18/2019;11:29:00;Ewallet;4.7
182-88-2763;440114;B0207;MSIL0305;2.517.165;3/20/2019;19:28:00;Credit card;5
188-55-0967;330092;B0208;MSIL0306;697.935;1/15/2019;15:01:00;Credit card;5
610-46-4100;330093;A0218;N0331;2.127.825;03/03/2019;20:31:00;Credit card;6
318-81-2368;660102;C0212;N0332;48.51;3/19/2019;12:16:00;Cash;6.3
364-33-8584;440115;B0209;MSIL0307;925.575;03/08/2019;15:27:00;Cash;8.5
665-63-9737;550115;B0210;N0333;165.123;2/27/2019;17:36:00;Ewallet;7.5
695-09-5146;440116;B0211;MSIL0308;3.111.885;2/23/2019;20:00:00;Ewallet;6.4
155-45-3814;660103;C0213;MSIL0309;743.82;3/19/2019;15:29:00;Ewallet;4.7
794-32-2436;660104;B0212;MSIL0310;116.907;3/27/2019;15:08:00;Ewallet;6
131-15-8856;440117;C0214;MSIL0311;609.168;3/30/2019;19:26:00;Credit card;4
273-84-2164;660105;C0215;MSIL0312;632.625;2/16/2019;15:53:00;Ewallet;5.5
706-36-6154;220103;A0219;MSIL0313;182.952;1/18/2019;18:43:00;Ewallet;8.7
778-89-7974;330094;C0216;N0334;442.323;3/30/2019;14:58:00;Cash;7.4
574-31-8277;550116;B0213;MSIL0314;353.115;3/20/2019;19:55:00;Cash;5.6
859-71-0933;110114;C0217;MSIL0315;32.529;1/16/2019;15:10:00;Cash;6.3
740-11-5257;660106;C0218;N0335;259.77;2/24/2019;16:44:00;Cash;7.1
369-82-2676;660107;B0214;N0336;397.215;1/15/2019;18:22:00;Ewallet;7.8
563-47-4072;330095;B0215;N0337;351.603;1/22/2019;11:52:00;Cash;9.9
742-04-5161;220104;A0220;MSIL0316;764.19;02/03/2019;17:24:00;Cash;7.3
149-15-7606;110115;B0216;MSIL0317;352.674;03/06/2019;15:31:00;Ewallet;5.1
133-77-3154;550117;B0217;MSIL0318;252.756;2/16/2019;18:04:00;Credit card;9.4
169-52-4504;660108;A0221;N0338;494.235;3/14/2019;14:13:00;Credit card;5.8
250-81-7186;660109;C0219;N0339;1.046.745;2/27/2019;10:23:00;Credit card;8
562-12-5430;550118;A0222;MSIL0319;2.776.725;1/18/2019;10:11:00;Ewallet;7.9
816-72-8853;110116;A0223;MSIL0320;1.466.325;1/29/2019;15:48:00;Cash;5.9
491-38-3499;550119;A0224;MSIL0321;582.225;2/26/2019;17:46:00;Credit card;4.9
322-02-2271;110117;B0218;N0340;1.353.555;02/03/2019;11:46:00;Cash;9.3
842-29-4695;110118;C0220;MSIL0322;125.979;1/16/2019;12:07:00;Credit card;7.9
725-67-2480;550120;B0219;MSIL0323;370.125;3/24/2019;18:14:00;Credit card;5.9
641-51-2661;440118;C0221;MSIL0324;914.55;02/12/2019;14:45:00;Credit card;9.9
714-02-3114;110119;C0222;N0341;207.48;2/21/2019;11:39:00;Cash;7.7
518-17-2983;550121;A0225;N0342;204.246;02/04/2019;15:44:00;Ewallet;7.6
779-42-2410;440119;B0220;MSIL0325;181.881;2/20/2019;13:06:00;Ewallet;7.7
190-14-3147;330096;B0221;N0343;75.474;2/23/2019;20:43:00;Ewallet;6.4
408-66-6712;330097;C0223;MSIL0326;300.573;2/16/2019;14:19:00;Ewallet;4.4
679-22-6530;110120;B0222;N0344;85.302;1/17/2019;10:01:00;Credit card;4.1
588-47-8641;550122;A0226;MSIL0327;588.42;1/14/2019;19:30:00;Ewallet;4.4
642-61-4706;440120;B0223;MSIL0328;196.14;3/30/2019;16:34:00;Cash;5.5
576-31-4774;330098;B0224;N0345;2.312.415;03/02/2019;13:10:00;Ewallet;4
556-41-6224;330099;C0224;N0346;282.576;2/15/2019;17:10:00;Credit card;9.3
811-03-8790;660110;A0227;N0347;477.54;03/01/2019;10:22:00;Credit card;4.8
242-11-3142;550123;B0225;MSIL0329;175.917;2/24/2019;19:57:00;Cash;4.6
752-23-3760;110121;B0226;MSIL0330;470.988;2/19/2019;19:29:00;Credit card;7.3
274-05-5470;440121;A0228;MSIL0331;308.574;2/23/2019;18:30:00;Cash;6
648-94-3045;330100;C0225;N0348;618.975;02/07/2019;14:27:00;Ewallet;8.1
130-67-4723;440122;A0229;MSIL0332;305.55;01/11/2019;13:57:00;Ewallet;9.4
528-87-5606;660111;B0227;MSIL0333;41.454;02/12/2019;19:43:00;Cash;6.5
320-85-2052;110122;B0228;N0349;365.505;1/14/2019;10:11:00;Credit card;7
370-96-0655;550124;C0226;N0350;310.716;01/09/2019;13:46:00;Ewallet;7.1
105-10-6182;550125;A0230;MSIL0334;45.108;2/27/2019;12:22:00;Ewallet;6.6
510-79-0415;110123;B0229;MSIL0335;145.404;1/24/2019;19:20:00;Ewallet;4.9
241-96-5076;220105;B0230;MSIL0336;103.11;01/08/2019;12:58:00;Credit card;6.4
767-97-4650;110124;B0231;MSIL0337;136.143;01/08/2019;11:59:00;Credit card;8
648-83-1321;220106;A0231;MSIL0338;667.38;1/16/2019;17:59:00;Cash;4.3
173-57-2300;110125;C0227;MSIL0339;153.048;3/13/2019;12:51:00;Cash;6.1
305-03-2383;440123;A0232;N0351;211.365;2/15/2019;10:36:00;Cash;7.5
394-55-6384;110126;C0228;MSIL0340;6.632.955;1/25/2019;13:38:00;Cash;6.7
266-20-6657;440124;C0229;MSIL0341;404.544;03/12/2019;19:39:00;Ewallet;5.2
689-05-1884;330101;A0233;MSIL0342;510.615;03/04/2019;12:44:00;Cash;8.8
196-01-2849;550126;C0230;MSIL0343;539.343;02/10/2019;13:56:00;Cash;9.5
372-62-5264;440125;C0231;N0352;497.07;1/16/2019;14:42:00;Cash;7.6
800-09-8606;220107;A0234;MSIL0344;4.586.925;1/29/2019;19:45:00;Cash;6.6
182-52-7000;110127;A0235;MSIL0345;113.568;01/01/2019;20:26:00;Ewallet;6.9
826-58-8051;220108;B0232;N0353;261.198;01/06/2019;19:46:00;Ewallet;4.3
868-06-0466;660112;A0236;MSIL0346;657.531;2/19/2019;19:38:00;Credit card;7.8
751-41-9720;220109;C0232;N0354;1023.75;01/12/2019;16:18:00;Ewallet;8
626-43-7888;550127;C0233;N0355;507.444;02/07/2019;12:23:00;Ewallet;9.6
176-64-7711;440126;B0233;N0356;101.808;3/27/2019;19:11:00;Credit card;4.3
191-29-0321;550128;B0234;MSIL0347;207.585;2/27/2019;18:57:00;Credit card;5
729-06-2010;330102;B0235;MSIL0348;7.604.415;01/06/2019;11:18:00;Cash;9.2
640-48-5028;220110;B0236;MSIL0349;8.352.855;03/02/2019;12:40:00;Cash;6.3
186-79-9562;330103;B0237;N0357;5.275.095;3/29/2019;14:06:00;Cash;8.9
834-45-5519;660113;B0238;N0358;180.6;1/31/2019;20:48:00;Ewallet;7.6
162-65-8559;440127;C0234;MSIL0350;72.429;1/21/2019;20:13:00;Cash;4.8
760-27-5490;550129;C0235;N0359;131.208;1/20/2019;20:37:00;Ewallet;9.1
445-30-9252;110128;A0237;N0360;80.955;1/17/2019;17:59:00;Ewallet;6.1
786-94-2700;440128;A0238;MSIL0351;507.906;2/28/2019;20:18:00;Cash;9.1
728-88-7867;220111;C0236;MSIL0352;317.226;3/19/2019;15:52:00;Ewallet;8.3
183-21-3799;660114;C0237;N0361;7.336.035;2/19/2019;15:14:00;Ewallet;7.2
268-20-3585;330104;C0238;N0362;1.308.825;02/04/2019;12:50:00;Ewallet;6
735-32-9839;550130;C0239;MSIL0353;829.08;1/31/2019;10:36:00;Ewallet;8.5
258-92-7466;330105;A0239;N0363;187.32;02/06/2019;18:33:00;Credit card;6.6
857-16-3520;550131;A0240;MSIL0354;525.231;3/28/2019;16:06:00;Ewallet;4.5
482-17-1179;660115;A0241;MSIL0355;37.611;1/19/2019;12:47:00;Credit card;8.1
788-21-5741;550132;A0242;N0364;142.947;2/17/2019;13:34:00;Credit card;7.2
821-14-9046;550133;B0239;MSIL0356;110.124;1/18/2019;15:04:00;Credit card;6.1
418-05-0656;550134;B0240;N0365;187.866;02/02/2019;20:42:00;Cash;7.1
678-79-0726;110129;C0240;MSIL0357;8.564.535;1/18/2019;15:28:00;Cash;5.1
776-68-1096;220112;B0241;N0366;138.978;3/18/2019;13:45:00;Credit card;7.9
592-46-1692;440129;C0241;MSIL0358;2.702.595;01/11/2019;20:10:00;Cash;7.4
434-35-9162;440130;B0242;MSIL0359;98.028;02/04/2019;18:53:00;Ewallet;7.4
149-14-0304;330106;C0242;MSIL0360;239.4;02/06/2019;14:24:00;Cash;6.6
442-44-6497;220113;C0243;MSIL0361;1.750.455;01/08/2019;11:42:00;Credit card;5.9
174-64-0215;110130;B0243;N0367;732.27;03/05/2019;17:49:00;Credit card;8.9
210-74-9613;550135;C0244;N0368;408.492;3/16/2019;15:33:00;Ewallet;6.8
299-29-0180;220114;B0244;MSIL0362;383.523;03/09/2019;10:54:00;Cash;9.3
247-11-2470;550136;A0243;MSIL0363;93.744;03/01/2019;16:23:00;Credit card;4.4
635-28-5728;330107;A0244;N0369;176.4;2/28/2019;19:33:00;Ewallet;4.8
756-49-0168;550137;A0245;MSIL0364;20.685;02/08/2019;11:39:00;Ewallet;9.5
438-23-1242;660116;B0245;N0370;557.718;1/24/2019;10:38:00;Ewallet;8.9
238-45-6950;440131;B0246;MSIL0365;56.406;03/01/2019;20:03:00;Ewallet;6.4
607-65-2441;330108;C0245;MSIL0366;860.475;03/10/2019;12:39:00;Credit card;6
386-27-7606;220115;C0246;MSIL0367;596.82;3/23/2019;15:59:00;Credit card;8.1
137-63-5492;660117;C0247;N0371;616.98;1/29/2019;14:26:00;Ewallet;9
197-77-7132;660118;B0247;MSIL0368;769.104;01/12/2019;18:22:00;Ewallet;6
805-86-0265;220116;A0246;N0372;887.922;3/20/2019;11:32:00;Cash;9.8
733-29-1227;220117;C0248;N0373;4.087.335;3/23/2019;12:41:00;Cash;8.5
451-73-2711;440132;C0249;N0374;890.715;1/14/2019;15:20:00;Ewallet;8.8
373-14-0504;110131;A0247;MSIL0369;150.423;02/12/2019;14:33:00;Ewallet;8.8
546-80-2899;220118;A0248;MSIL0370;79.149;2/20/2019;15:29:00;Ewallet;9.5
345-68-9016;110132;C0250;MSIL0371;266.028;01/02/2019;16:19:00;Credit card;5.6
390-17-5806;440133;C0251;MSIL0372;40.341;02/02/2019;16:33:00;Cash;8.6
457-13-1708;550138;B0248;MSIL0373;684.915;01/08/2019;19:07:00;Credit card;5.2
664-14-2882;220119;C0252;MSIL0374;552.825;1/30/2019;14:43:00;Credit card;5.8
487-79-6868;220120;B0249;MSIL0375;1.161.405;3/26/2019;19:28:00;Credit card;8
314-23-4520;330109;C0253;MSIL0376;5.970.405;1/15/2019;20:44:00;Cash;9
210-30-7976;550139;B0250;MSIL0377;93.744;3/14/2019;11:16:00;Ewallet;4.1
585-86-8361;440134;A0249;N0375;143.22;02/03/2019;10:31:00;Credit card;8.6
807-14-7833;660119;A0250;MSIL0378;182.91;2/22/2019;12:30:00;Ewallet;7
775-72-1988;220121;B0251;N0376;384.72;1/24/2019;15:05:00;Ewallet;8.4
288-38-3758;550140;C0254;MSIL0379;2.673.405;1/25/2019;18:30:00;Ewallet;7.4
652-43-6591;550141;A0251;N0377;817.236;03/09/2019;13:18:00;Credit card;6.2
785-96-0615;660120;B0252;MSIL0380;300.216;2/17/2019;15:28:00;Ewallet;4.9
406-46-7107;220122;A0252;N0378;608.076;01/11/2019;11:52:00;Cash;4.5
250-17-5703;440135;A0253;MSIL0381;197.925;2/27/2019;18:24:00;Ewallet;5.6
156-95-3964;440136;A0254;N0379;232.638;3/25/2019;15:19:00;Ewallet;8
842-40-8179;440137;B0253;MSIL0382;810.6;02/11/2019;10:38:00;Credit card;5.6
525-09-8450;660121;B0254;N0380;757.365;1/31/2019;15:12:00;Credit card;4.2
410-67-1709;550142;A0255;MSIL0383;536.592;1/20/2019;17:48:00;Ewallet;9.9
587-73-4862;330110;A0256;MSIL0384;561.225;3/26/2019;11:07:00;Ewallet;7.6
787-87-2010;330111;A0257;MSIL0385;233.1;1/20/2019;15:48:00;Credit card;6.6
593-14-4239;220123;B0255;N0381;801.864;03/05/2019;19:40:00;Ewallet;4.7
801-88-0346;550143;C0255;N0382;239.589;01/05/2019;20:30:00;Credit card;9.8
388-76-2555;110133;B0256;N0383;86.247;2/13/2019;13:59:00;Cash;6.3
711-31-1234;660122;B0257;N0384;401.688;3/16/2019;18:51:00;Cash;7.9
886-54-6089;220124;A0258;N0385;72.009;1/15/2019;17:24:00;Cash;7.7
707-32-7409;110134;B0258;MSIL0386;401.268;2/26/2019;11:58:00;Ewallet;4.5
759-98-4285;330112;C0256;MSIL0387;6.311.445;2/27/2019;19:01:00;Credit card;8
201-63-8275;110135;C0257;MSIL0388;4.997.265;2/17/2019;16:50:00;Ewallet;5.7
471-06-8611;440138;C0258;N0386;55.041;02/06/2019;10:22:00;Credit card;6.3
200-16-5952;440139;C0259;MSIL0389;137.865;1/17/2019;16:46:00;Cash;6
120-54-2248;440140;B0259;N0387;151.515;1/22/2019;18:08:00;Credit card;8
102-77-2261;330113;C0260;MSIL0390;4.800.285;03/05/2019;18:02:00;Credit card;4.2
875-31-8302;110136;B0260;N0388;98.049;01/03/2019;13:07:00;Cash;9.6
102-06-2002;110137;C0261;MSIL0391;1.325.625;3/20/2019;17:52:00;Cash;6.1
457-94-0464;660123;B0261;MSIL0392;8.303.715;1/31/2019;20:32:00;Ewallet;5.6
629-42-4133;330114;C0262;N0389;183.12;2/19/2019;19:24:00;Cash;8.3
534-53-3526;110138;A0259;N0390;397.992;02/11/2019;16:06:00;Ewallet;7.8
307-04-2070;550144;A0260;MSIL0393;32.151;02/05/2019;14:14:00;Credit card;4.1
468-99-7231;220125;C0263;N0391;369.684;03/03/2019;17:36:00;Cash;8.8
516-77-6464;330115;C0264;MSIL0394;53.34;2/24/2019;13:08:00;Ewallet;4.1
404-91-5964;660124;A0261;N0392;548.163;02/04/2019;16:09:00;Credit card;9
886-77-9084;660125;C0265;N0393;603.876;2/19/2019;11:33:00;Ewallet;5.5
790-38-4466;330116;C0266;N0394;576.975;1/23/2019;10:18:00;Credit card;9.3
704-10-4056;330117;C0267;MSIL0395;1.904.805;1/14/2019;10:55:00;Credit card;5.6
497-37-6538;110139;A0262;N0395;4.329.885;1/17/2019;15:15:00;Ewallet;9.7
651-96-5970;550145;A0263;N0396;487.305;03/03/2019;20:06:00;Credit card;4
400-80-4065;330118;C0268;MSIL0396;287.91;2/15/2019;20:21:00;Credit card;9.2
744-16-7898;220126;B0262;N0397;1.022.385;1/15/2019;13:48:00;Credit card;4.9
263-12-5321;660126;A0264;MSIL0397;680.61;2/27/2019;12:52:00;Credit card;9.3
702-72-0487;660127;A0265;N0398;97.881;2/26/2019;12:28:00;Credit card;6.6
605-83-1050;550146;B0263;N0399;57.078;3/15/2019;16:26:00;Ewallet;4.3
443-60-9639;220127;C0269;MSIL0398;639.135;1/24/2019;13:24:00;Cash;5.5
864-24-7918;110140;A0266;MSIL0399;257.145;2/22/2019;15:15:00;Cash;8.1
359-94-5395;330119;B0264;N0400;97.419;3/15/2019;10:50:00;Credit card;9.8
401-09-4232;220128;C0270;MSIL0400;4.551.225;02/11/2019;18:38:00;Ewallet;9.4
751-15-6198;110141;B0265;N0401;144.963;01/12/2019;16:45:00;Ewallet;7.9
324-41-6833;660128;C0271;MSIL0401;253.68;03/03/2019;19:30:00;Ewallet;5.1
474-33-8305;550147;C0272;MSIL0402;4.953.165;3/23/2019;13:23:00;Ewallet;6.9
759-29-9521;550148;A0267;MSIL0403;462.672;03/04/2019;11:27:00;Cash;8
831-81-6575;660129;B0266;MSIL0404;7.143.255;2/23/2019;11:12:00;Cash;8
220-68-6701;220129;A0268;N0402;325.374;3/17/2019;16:36:00;Cash;4.2
618-34-8551;110142;A0269;N0403;195.678;1/16/2019;18:41:00;Credit card;8.5
257-60-7754;660130;A0270;N0404;210.966;01/08/2019;17:12:00;Cash;9
559-61-5987;330120;B0267;N0405;186.375;1/14/2019;10:38:00;Cash;8.6
189-55-2313;550149;C0273;N0406;652.89;1/31/2019;10:33:00;Ewallet;6
565-91-4567;330121;B0268;N0407;90.3;3/15/2019;14:38:00;Ewallet;6.2
380-60-5336;660131;A0271;N0408;422.73;2/24/2019;18:06:00;Credit card;5
815-04-6282;110143;C0274;MSIL0405;3.410.925;02/08/2019;12:52:00;Credit card;6.5
674-56-6360;660132;A0272;N0409;999.075;3/22/2019;14:00:00;Cash;6
778-34-2523;660133;A0273;MSIL0406;408.408;1/24/2019;10:57:00;Cash;5
499-27-7781;440141;B0269;N0410;446.964;3/14/2019;16:45:00;Ewallet;5
477-59-2456;550150;C0275;N0411;333.984;1/23/2019;11:15:00;Cash;9.2
832-51-6761;440142;A0274;N0412;284.592;1/19/2019;20:29:00;Ewallet;9.6
869-11-3082;330122;B0270;MSIL0407;403.872;1/27/2019;20:03:00;Credit card;8.4
190-59-3964;440143;B0271;MSIL0408;247.59;02/03/2019;14:35:00;Credit card;6
366-43-6862;660134;B0272;N0413;222.138;3/25/2019;16:32:00;Ewallet;6.7
186-43-8965;220130;A0275;MSIL0409;100.128;2/24/2019;10:10:00;Credit card;4.1
784-21-9238;110144;C0276;MSIL0410;106.785;02/07/2019;14:15:00;Cash;5.9
276-75-6884;330123;A0276;N0414;2.164.365;03/04/2019;10:05:00;Cash;8.7
109-86-4363;110145;B0273;MSIL0411;441.588;2/14/2019;11:36:00;Credit card;4.5
569-76-2760;110146;A0277;MSIL0412;92.442;1/29/2019;18:15:00;Credit card;6.6
222-42-0244;330124;B0274;MSIL0413;6.814.395;1/28/2019;13:53:00;Credit card;7.7
760-53-9233;550151;A0278;MSIL0414;130.032;3/26/2019;18:37:00;Credit card;8.5
538-22-0304;660135;C0277;N0415;681.975;3/24/2019;18:27:00;Cash;5.2
416-17-9926;660136;A0279;MSIL0415;779.31;01/01/2019;14:42:00;Credit card;4.3
237-44-6163;660137;A0280;N0416;88.704;1/24/2019;17:43:00;Cash;7.6
636-17-0325;330125;B0275;N0417;262.794;2/25/2019;18:37:00;Cash;9.5
343-75-9322;110147;B0276;MSIL0416;99.54;01/09/2019;16:34:00;Cash;4.1
528-14-9470;330126;A0281;MSIL0417;95.865;2/14/2019;14:42:00;Ewallet;9.2
427-45-9297;220131;B0277;MSIL0418;2.993.655;03/12/2019;11:01:00;Ewallet;5.4
807-34-3742;550152;A0282;N0418;54.999;3/26/2019;19:44:00;Cash;5.8
288-62-1085;550153;A0283;MSIL0419;202.335;01/09/2019;13:34:00;Ewallet;5.6
670-71-7306;110148;B0278;N0419;281.169;01/02/2019;20:08:00;Credit card;5.1
660-29-7083;660138;C0278;N0420;586.635;1/15/2019;15:01:00;Cash;5.8
271-77-8740;110149;C0279;MSIL0420;184.086;01/01/2019;11:40:00;Ewallet;5
497-36-0989;550154;A0284;N0421;163.611;2/15/2019;15:21:00;Cash;7.9
291-59-1384;660139;B0279;N0422;63.315;2/28/2019;17:38:00;Cash;6
860-73-6466;110150;A0285;MSIL0421;82.887;03/02/2019;16:16:00;Credit card;5
549-23-9016;440144;C0280;MSIL0422;31.227;2/13/2019;18:15:00;Credit card;8.9
896-34-0956;550155;A0286;N0423;22.386;1/26/2019;12:43:00;Cash;5.9
804-38-3935;660140;A0287;MSIL0423;295.407;1/30/2019;11:32:00;Credit card;5.9
585-90-0249;660141;A0288;MSIL0424;76.923;1/27/2019;18:08:00;Ewallet;9.7
862-29-5914;110151;C0281;N0424;23.499;1/30/2019;17:08:00;Credit card;8.6
845-94-6841;440145;C0282;MSIL0425;688.716;01/08/2019;19:38:00;Cash;4
125-45-2293;550156;A0289;N0425;624.33;1/19/2019;13:11:00;Cash;4.2
843-73-4724;550157;A0290;N0426;77.805;1/25/2019;11:05:00;Cash;9.2
409-33-9708;550158;A0291;N0427;206.808;2/19/2019;10:12:00;Ewallet;9.2
658-66-3967;330127;C0283;N0428;3.909.465;1/14/2019;15:42:00;Ewallet;5
866-70-2814;660142;B0280;N0429;554.295;2/25/2019;11:58:00;Ewallet;10
160-22-2687;330128;A0292;MSIL0426;5.037.375;1/23/2019;14:21:00;Ewallet;8.8
895-03-6665;550159;B0281;N0430;3.450.195;2/16/2019;10:52:00;Cash;4.2
770-42-8960;440146;B0282;N0431;177.408;01/01/2019;19:31:00;Cash;6.3
748-45-2862;220132;A0293;MSIL0427;118.902;03/07/2019;18:35:00;Cash;8.2
234-36-2483;330129;B0283;N0432;362.817;2/15/2019;13:51:00;Cash;5.1
316-66-3011;440147;A0294;MSIL0428;4.501.035;1/23/2019;12:35:00;Cash;5
848-95-6252;220133;C0284;MSIL0429;905.835;2/20/2019;13:24:00;Ewallet;7
840-76-5966;110152;A0295;MSIL0430;26.796;01/08/2019;18:06:00;Ewallet;7.8
152-03-4217;220134;B0284;N0433;106.596;3/17/2019;11:55:00;Credit card;4.3
533-66-5566;220135;B0285;N0434;3.753.645;01/12/2019;11:42:00;Cash;7
124-31-1458;660143;A0296;MSIL0431;2.507.085;01/08/2019;14:30:00;Cash;6.6
176-78-1170;330130;C0285;MSIL0432;1.065.015;1/26/2019;15:11:00;Ewallet;7.3
361-59-0574;110153;B0286;MSIL0433;760.452;3/15/2019;14:48:00;Credit card;6.5
101-81-4070;330131;C0286;MSIL0434;131.922;1/17/2019;12:36:00;Ewallet;4.9
631-34-1880;440148;C0287;MSIL0435;765.765;01/08/2019;19:09:00;Credit card;4.3
852-82-2749;110154;A0297;N0435;271.278;01/06/2019;13:35:00;Ewallet;9.3
873-14-6353;440149;A0298;MSIL0436;182.427;2/16/2019;10:33:00;Credit card;7.1
584-66-4073;550160;C0288;N0436;59.325;3/13/2019;15:45:00;Ewallet;9.6
544-55-9589;660144;B0287;MSIL0437;225.015;1/28/2019;11:51:00;Cash;6.2
166-19-2553;110155;A0299;MSIL0438;561.078;1/18/2019;17:26:00;Cash;9.9
737-88-5876;220136;A0300;MSIL0439;97.818;3/19/2019;11:52:00;Credit card;5.9
154-87-7367;220137;C0289;N0437;548.184;3/15/2019;14:04:00;Ewallet;6.3
885-56-0389;550161;C0290;MSIL0440;549.675;02/12/2019;17:49:00;Cash;4
608-05-3804;660145;B0288;MSIL0441;417.375;2/25/2019;20:19:00;Cash;6.1
448-61-3783;660146;A0301;N0438;756.168;3/21/2019;16:08:00;Credit card;4.5
761-49-0439;660147;B0289;MSIL0442;101.64;1/19/2019;10:17:00;Ewallet;8.6
490-95-0021;440150;B0290;MSIL0443;348.705;01/08/2019;14:25:00;Ewallet;6
115-38-7388;550162;C0291;MSIL0444;85.512;3/30/2019;12:51:00;Credit card;9.5
311-13-6971;110156;B0291;MSIL0445;335.895;2/20/2019;15:18:00;Credit card;9.9
291-55-6563;220138;A0302;MSIL0446;216.846;3/30/2019;12:45:00;Ewallet;7.5
548-48-3156;440151;A0303;MSIL0447;175.014;3/19/2019;13:37:00;Cash;7.6
460-93-5834;110157;A0304;N0439;335.013;1/13/2019;10:03:00;Cash;5
325-89-4209;440152;A0305;MSIL0448;92.295;02/05/2019;19:42:00;Ewallet;6.7
884-80-6021;660148;A0306;MSIL0449;771.435;3/23/2019;13:14:00;Ewallet;9.5
137-74-8729;550163;C0292;N0440;102.396;3/13/2019;12:47:00;Ewallet;6.8
880-46-5796;110158;A0307;MSIL0450;807.66;3/17/2019;19:53:00;Ewallet;5.6
389-70-2397;330132;C0293;N0441;439.215;2/21/2019;10:26:00;Cash;7.2
114-35-5271;660149;B0292;N0442;486.444;02/07/2019;15:06:00;Cash;8.1
607-76-6216;550164;C0294;MSIL0451;4.855.725;03/02/2019;16:35:00;Credit card;8.6
715-20-1673;660150;B0293;N0443;148.995;03/06/2019;20:57:00;Cash;9.4
811-35-1094;660151;B0294;MSIL0452;317.835;02/06/2019;15:16:00;Credit card;8.9
699-88-1972;330133;B0295;N0444;832.944;1/28/2019;17:47:00;Credit card;4.2
781-84-8059;550165;C0295;N0445;446.439;1/18/2019;16:23:00;Ewallet;5
409-49-6995;440153;C0296;MSIL0453;297.801;02/05/2019;10:17:00;Cash;8.8
725-54-0677;330134;C0297;MSIL0454;629.16;03/02/2019;13:50:00;Cash;5.3
146-09-5432;440154;A0308;MSIL0455;331.128;02/09/2019;19:17:00;Ewallet;4.6
377-79-7592;660152;C0298;MSIL0456;423.738;1/14/2019;14:00:00;Credit card;7.5
509-10-0516;220139;B0296;N0446;193.074;02/09/2019;12:02:00;Ewallet;5.1
595-94-9924;330135;A0309;MSIL0457;1.455.825;3/26/2019;20:21:00;Credit card;4.2
865-41-9075;440155;A0310;N0447;847.455;1/28/2019;17:35:00;Cash;8.1
545-07-8534;330136;C0299;N0448;122.472;2/14/2019;12:42:00;Ewallet;6
118-62-1812;220140;C0300;MSIL0458;329.196;3/24/2019;17:56:00;Cash;7.9
450-42-3339;330137;C0301;N0449;888.405;02/09/2019;18:58:00;Credit card;8.8
851-98-3555;330138;B0297;N0450;435.12;3/24/2019;14:08:00;Credit card;6.6
186-71-5196;440156;A0311;MSIL0459;167.034;3/27/2019;16:30:00;Ewallet;6.2
624-01-8356;220141;B0298;N0451;514.605;1/27/2019;10:44:00;Credit card;4.2
313-66-9943;440157;B0299;MSIL0460;918.225;3/27/2019;20:29:00;Credit card;7.3
151-27-8496;660153;C0302;N0452;235.746;1/19/2019;11:43:00;Ewallet;8.6
453-33-6436;220142;A0312;N0453;782.208;02/07/2019;10:09:00;Cash;6.8
522-57-8364;550166;A0313;MSIL0461;431.256;1/31/2019;10:00:00;Ewallet;7.6
459-45-2396;440158;A0314;MSIL0462;313.74;2/25/2019;18:45:00;Cash;5.8
717-96-4189;660154;C0303;N0454;223.587;02/02/2019;12:40:00;Cash;4.1
722-13-2115;110159;C0304;MSIL0463;449.925;3/14/2019;15:36:00;Credit card;9.3
749-81-8133;550167;A0315;N0455;397.614;03/11/2019;12:04:00;Cash;6.8
777-67-2495;220143;B0300;N0456;2.172.555;2/22/2019;11:26:00;Ewallet;8.7
636-98-3364;660155;B0301;MSIL0464;82.719;03/02/2019;12:36:00;Ewallet;6.3
246-55-6923;220144;C0305;MSIL0465;3.382.155;03/10/2019;15:06:00;Credit card;5.1
181-82-6255;220145;B0302;N0457;103.131;02/08/2019;10:58:00;Cash;7
838-02-1821;220146;C0306;MSIL0466;26.733;2/22/2019;12:10:00;Credit card;5.2
887-42-0517;110160;C0307;N0458;611.079;01/10/2019;10:31:00;Credit card;6.6
457-12-0244;110161;C0308;MSIL0467;221.886;3/14/2019;13:49:00;Ewallet;6.5
226-34-0034;660156;B0303;N0459;57.876;01/10/2019;11:10:00;Ewallet;9
321-49-7382;110162;B0304;MSIL0468;927.255;2/15/2019;17:38:00;Credit card;5.2
397-25-8725;330139;A0316;MSIL0469;374.409;1/13/2019;17:54:00;Credit card;6.8
431-66-2305;660157;B0305;N0460;8.339.625;2/15/2019;20:51:00;Credit card;7.6
825-94-5922;110163;B0306;N0461;53.151;03/02/2019;19:26:00;Ewallet;7.2
641-62-7288;220147;B0307;N0462;629.496;3/24/2019;13:33:00;Ewallet;7.1
756-93-1854;550168;C0309;MSIL0470;175.035;02/02/2019;14:05:00;Credit card;9.5
243-55-8457;440159;A0317;N0463;781.62;2/27/2019;11:40:00;Ewallet;5.1
458-10-8612;330140;C0310;N0464;470.988;1/20/2019;12:27:00;Ewallet;7.6
501-61-1753;220148;B0308;N0465;397.845;01/03/2019;20:24:00;Ewallet;9.8
235-06-8510;220149;C0311;MSIL0471;270.018;1/24/2019;20:59:00;Ewallet;5.1
433-08-7822;330141;C0312;N0466;5.798.415;01/05/2019;19:48:00;Ewallet;7.5
361-85-2571;110164;A0318;N0467;469.77;3/30/2019;10:18:00;Cash;7.4
131-70-8179;330142;A0319;MSIL0472;2.900.835;2/17/2019;16:27:00;Cash;4.2
500-02-2261;440160;C0313;N0468;360.927;3/21/2019;17:04:00;Ewallet;5.9
720-72-2436;440161;A0320;N0469;279.384;03/02/2019;18:14:00;Ewallet;6.9
702-83-5291;550169;C0314;MSIL0473;943.299;3/27/2019;10:43:00;Cash;6.6
809-69-9497;220150;A0321;N0470;479.64;1/19/2019;19:30:00;Ewallet;5.7
449-16-6770;330143;A0322;N0471;2.666.475;2/19/2019;14:53:00;Credit card;5.3
333-23-2632;330144;A0323;MSIL0474;74.088;3/28/2019;20:14:00;Cash;4.2
489-82-1237;660158;A0324;N0472;690.018;01/05/2019;11:51:00;Credit card;7.3
859-97-6048;660159;C0315;MSIL0475;176.925;3/26/2019;14:13:00;Credit card;5.3
676-10-2200;550170;B0309;MSIL0476;56.469;02/03/2019;20:13:00;Ewallet;4.7
373-88-1424;220151;C0316;MSIL0477;1.880.025;02/06/2019;18:44:00;Ewallet;7.9
365-16-4334;440162;B0310;N0473;222.012;2/24/2019;14:26:00;Ewallet;8.9
503-21-4385;330145;B0311;MSIL0478;1.257.165;2/21/2019;12:40:00;Ewallet;9.3
305-89-2768;220152;B0312;MSIL0479;68.985;01/09/2019;18:43:00;Ewallet;4.7
574-80-1489;440163;B0313;MSIL0480;263.97;2/25/2019;13:22:00;Ewallet;8.7
784-08-0310;440164;C0317;MSIL0481;88.368;1/13/2019;13:58:00;Cash;7.6
200-40-6154;220153;B0314;MSIL0482;415.233;02/09/2019;11:45:00;Cash;5.7
846-10-0341;550171;A0325;N0474;3.128.895;01/06/2019;11:51:00;Cash;6.8
577-34-7579;440165;C0318;MSIL0483;4.771.305;01/10/2019;17:16:00;Cash;5.4
430-02-3888;660160;B0315;N0475;289.926;02/07/2019;15:55:00;Cash;7.1
867-47-1948;220154;C0319;N0476;165.9;01/09/2019;12:07:00;Cash;7.8
384-59-6655;440166;A0326;MSIL0484;932.337;2/19/2019;15:07:00;Cash;8.4
256-58-3609;550172;C0320;MSIL0485;96.579;3/18/2019;15:29:00;Cash;9.8
324-92-3863;660161;A0327;MSIL0486;43.869;02/05/2019;18:45:00;Cash;9.8
593-08-5916;550173;A0328;N0477;16.275;3/19/2019;15:23:00;Credit card;7.4
364-34-2972;660162;C0321;MSIL0487;304.983;3/30/2019;20:37:00;Cash;6.7
794-42-3736;440167;B0316;N0478;69.993;1/26/2019;14:41:00;Credit card;6.4
172-42-8274;660163;B0317;N0479;80.367;03/02/2019;18:18:00;Credit card;5.8
558-60-5016;220155;A0329;N0480;314.685;03/04/2019;15:27:00;Ewallet;7.2
195-06-0432;220156;A0330;MSIL0488;2.551.815;1/13/2019;12:55:00;Credit card;9.3
605-03-2706;330146;A0331;N0481;49.77;3/25/2019;18:02:00;Cash;9.5
214-30-2776;660164;B0318;MSIL0489;1.810.725;03/11/2019;19:44:00;Credit card;9
746-04-1077;440168;B0319;MSIL0490;888.615;01/01/2019;11:36:00;Credit card;9
448-34-8700;220157;B0320;MSIL0491;2.712.885;02/10/2019;13:51:00;Ewallet;6.7
452-04-8808;660165;B0321;N0482;640.038;1/26/2019;15:17:00;Cash;5.5
531-56-4728;220158;A0332;N0483;252.252;02/11/2019;15:29:00;Cash;5.4
744-82-9138;550174;C0322;N0484;180.873;02/07/2019;17:59:00;Cash;8.2
883-69-1285;550175;B0322;MSIL0492;104.832;03/06/2019;11:55:00;Credit card;7
221-25-5073;440169;A0333;N0485;313.572;03/04/2019;10:39:00;Cash;8.5
518-71-6847;440170;B0323;MSIL0493;167.58;2/26/2019;15:10:00;Ewallet;4.9
156-20-0370;660166;B0324;N0486;267.225;03/10/2019;18:10:00;Credit card;5.1
151-33-7434;440171;B0325;N0487;711.585;02/04/2019;20:43:00;Credit card;6.5
728-47-9078;440172;C0323;MSIL0494;250.278;1/19/2019;12:46:00;Cash;9.8
809-46-1866;330147;A0334;N0488;244.23;1/23/2019;17:44:00;Cash;8.4
139-32-4183;110165;A0335;MSIL0495;921.186;3/14/2019;14:19:00;Ewallet;7.4
148-41-7930;330148;C0324;N0489;734.706;1/23/2019;10:33:00;Cash;6.1
189-40-5216;660167;C0325;N0490;7.083.195;01/09/2019;11:40:00;Cash;6
374-38-5555;550176;B0326;N0491;3.344.775;02/07/2019;19:30:00;Ewallet;8.5
764-44-8999;330149;B0327;N0492;30.996;2/18/2019;14:42:00;Ewallet;4.3
552-44-5977;330150;B0328;MSIL0496;520.8;01/03/2019;19:08:00;Credit card;6.2
267-62-7380;660168;C0326;MSIL0497;864.57;3/29/2019;19:12:00;Ewallet;4.3
430-53-4718;330151;B0329;MSIL0498;633.108;1/28/2019;15:46:00;Credit card;8.4
886-18-2897;440173;A0336;N0493;296.94;3/22/2019;19:06:00;Credit card;4.5
602-16-6955;110166;B0330;N0494;804.3;1/24/2019;18:10:00;Ewallet;6
745-74-0715;660169;A0337;N0495;121.863;03/10/2019;20:46:00;Ewallet;8.8
690-01-6631;550177;B0331;N0496;183.645;2/22/2019;18:35:00;Ewallet;6.6
652-49-6720;660170;C0327;MSIL0499;639.975;2/18/2019;11:40:00;Ewallet;5.9
233-67-5758;330152;C0328;N0497;423.675;1/29/2019;13:46:00;Ewallet;6.2
303-96-2227;220159;B0332;N0498;1022.49;03/02/2019;17:16:00;Ewallet;4.4
727-02-1313;440174;A0338;MSIL0500;33.432;02/09/2019;13:22:00;Cash;7.7
347-56-2442;220160;A0339;N0499;69.111;2/22/2019;15:33:00;Cash;4.1
849-09-3807;550178;A0340;MSIL0501;649.299;2/18/2019;13:28:00;Cash;6.6
